id_pedido,data_venda,nome_produto,categoria,preco_unitario,quantidade,valor_total,nome_cliente,localizacao_cliente
1,2024-05-12,Produto M38,Eletrônicos,240.66,1,240.66,Marcos Vinicius Casa Grande,"Macedo da Serra, MA"
2,2024-01-11,Produto Q42,Livros,219.66,3,658.98,Isis Montenegro,"Cunha, PA"
3,2024-12-25,Produto S18,Livros,406.96,5,2034.8,João Vitor Nascimento,"Castro do Campo, DF"
4,2024-07-25,Produto L11,Ferramentas,292.94,3,878.82,Sra. Manuella Novaes,"Azevedo do Oeste, SP"
5,2024-02-11,Produto F5,Livros,294.83,2,589.66,Emanuel Moura,"Martins, MS"
6,2024-09-29,Produto N13,Roupas,467.82,1,467.82,Aurora da Rosa,"Aparecida do Oeste, RO"
7,2023-03-01,Produto L37,Automotivo,443.18,1,443.18,Leandro Marques,"Cavalcante de Nogueira, RR"
8,2024-07-27,Produto M12,Saúde e Beleza,258.96,4,1035.84,Pedro Miguel Cavalcanti,"da Cunha Grande, ES"
9,2023-11-27,Produto J35,Casa e Cozinha,467.25,5,2336.25,Giovanna Vasconcelos,"Rocha, GO"
10,2023-04-15,Produto M38,Eletrônicos,240.66,5,1203.3,Sra. Alícia Guerra,"da Cunha, PE"
11,2024-07-24,Produto L11,Ferramentas,292.94,3,878.82,Kamilly Fonseca,"Azevedo, GO"
12,2023-06-21,Produto I8,Jardim,452.61,2,905.22,Diogo Cirino,"Fernandes dos Dourados, RJ"
13,2023-11-05,Produto Y24,Esportes,237.93,2,475.86,Isaque Camargo,"Almeida, RR"
14,2024-07-14,Produto C2,Saúde e Beleza,308.94,4,1235.76,Bruna Gomes,"Ribeiro Paulista, RS"
15,2024-05-29,Produto S18,Livros,406.96,4,1627.84,Sr. Pedro Henrique Andrade,"Gonçalves, CE"
16,2024-03-06,Produto M12,Saúde e Beleza,258.96,3,776.88,Ian Carvalho,"Nascimento, ES"
17,2023-02-28,Produto B1,Livros,168.01,4,672.04,Pietra Monteiro,"da Luz do Amparo, DF"
18,2024-06-04,Produto V21,Roupas,399.92,2,799.84,Maria Júlia Ferreira,"Nascimento das Flores, PA"
19,2024-06-28,Produto T19,Esportes,476.77,2,953.54,Joaquim Cavalcanti,"Farias, MS"
20,2024-06-23,Produto N13,Roupas,467.82,2,935.64,Sr. Marcelo Jesus,"Barros, SC"
21,2024-07-27,Produto I34,Ferramentas,10.74,2,21.48,Leandro Marques,"Cavalcante de Nogueira, RR"
22,2024-02-08,Produto D29,Brinquedos,131.27,4,525.08,Sr. Valentim Duarte,"Cassiano de Nascimento, AL"
23,2024-01-16,Produto U20,Esportes,43.8,4,175.2,Maria Cecília da Paz,"Peixoto do Sul, AL"
24,2024-06-10,Produto S18,Livros,406.96,1,406.96,Aurora da Rosa,"Aparecida do Oeste, RO"
25,2024-10-06,Produto W48,Jardim,64.47,3,193.41,Valentina Fernandes,"Camargo, TO"
26,2023-02-26,Produto L11,Ferramentas,292.94,3,878.82,Heloísa Rios,"Araújo, PA"
27,2023-10-17,Produto V47,Livros,240.47,2,480.94,Heloísa Gomes,"Jesus dos Dourados, AL"
28,2024-04-30,Produto P41,Esportes,190.67,5,953.35,Cauã da Mata,"Porto, TO"
29,2024-03-30,Produto K10,Eletrônicos,478.73,4,1914.92,Alice Carvalho,"Dias, PA"
30,2023-07-18,Produto O14,Automotivo,385.65,3,1156.95,Carolina Rocha,"Novais, SC"
31,2023-02-06,Produto V21,Roupas,399.92,3,1199.76,Lavínia Silveira,"Pimenta, PI"
32,2024-12-16,Produto X23,Livros,260.48,4,1041.92,Kamilly Fonseca,"Azevedo, GO"
33,2024-08-06,Produto F5,Livros,294.83,2,589.66,Isabel da Cruz,"da Rosa das Flores, PR"
34,2023-09-12,Produto T19,Esportes,476.77,2,953.54,Asafe Macedo,"Costela do Amparo, RR"
35,2023-01-08,Produto N13,Roupas,467.82,4,1871.28,Hellena Novais,"Barbosa Paulista, PB"
36,2024-12-09,Produto I8,Jardim,452.61,4,1810.44,Gabriel da Rosa,"Teixeira Grande, DF"
37,2023-05-23,Produto P15,Saúde e Beleza,369.3,3,1107.9,Bryan Macedo,"Marques do Norte, AL"
38,2024-09-18,Produto N39,Roupas,162.43,1,162.43,Heloísa Gomes,"Jesus dos Dourados, AL"
39,2023-08-01,Produto I8,Jardim,452.61,5,2263.05,Luigi Moreira,"da Costa dos Dourados, BA"
40,2024-05-25,Produto U20,Esportes,43.8,4,175.2,Maitê Souza,"da Cruz, MG"
41,2024-09-16,Produto D3,Roupas,391.97,5,1959.85,Kamilly Fonseca,"Azevedo, GO"
42,2024-12-30,Produto J9,Ferramentas,332.38,5,1661.9,Isaque Pimenta,"Cunha Alegre, AP"
43,2024-11-04,Produto E4,Saúde e Beleza,239.86,3,719.58,Sr. Anthony Gabriel Duarte,"Pimenta, SC"
44,2024-06-13,Produto V47,Livros,240.47,2,480.94,Felipe Martins,"da Costa, PA"
45,2024-06-11,Produto K10,Eletrônicos,478.73,3,1436.19,Esther Câmara,"Monteiro, MS"
46,2023-07-07,Produto I8,Jardim,452.61,5,2263.05,Isis Montenegro,"Cunha, PA"
47,2023-09-24,Produto U20,Esportes,43.8,5,219.0,Sr. Henrique Pereira,"Oliveira, PR"
48,2024-11-07,Produto V47,Livros,240.47,1,240.47,Samuel Aparecida,"Cirino, PR"
49,2023-07-28,Produto F5,Livros,294.83,4,1179.32,Lavínia Silveira,"Pimenta, PI"
50,2023-05-29,Produto R17,Roupas,22.09,1,22.09,Pedro Miguel Cavalcanti,"da Cunha Grande, ES"
51,2023-01-05,Produto P15,Saúde e Beleza,369.3,5,1846.5,Nicolas Vieira,"Macedo de Aparecida, SE"
52,2023-11-02,Produto R43,Esportes,291.26,3,873.78,Apollo da Cunha,"Pacheco de Brito, PE"
53,2023-02-16,Produto Y50,Eletrônicos,490.07,5,2450.35,Ryan Andrade,"Novais, RS"
54,2023-11-04,Produto O40,Saúde e Beleza,174.98,1,174.98,Otávio Melo,"Cassiano de Alves, CE"
55,2023-08-20,Produto H33,Saúde e Beleza,138.18,4,552.72,Guilherme Abreu,"da Rosa Verde, PI"
56,2023-06-08,Produto S18,Livros,406.96,2,813.92,Isadora Cunha,"Andrade de da Luz, BA"
57,2024-11-30,Produto P15,Saúde e Beleza,369.3,2,738.6,Maria Julia Novais,"Barbosa, PB"
58,2024-06-06,Produto I8,Jardim,452.61,2,905.22,Elisa Fernandes,"Oliveira de Goiás, PI"
59,2024-01-11,Produto K36,Casa e Cozinha,369.68,2,739.36,Raul Peixoto,"Marques, RJ"
60,2023-10-09,Produto U46,Casa e Cozinha,291.68,3,875.04,Sr. Enzo Gabriel Farias,"Abreu, PR"
61,2023-12-30,Produto F31,Automotivo,447.94,5,2239.7,Davi Lucas Ferreira,"Mendes, SE"
62,2024-01-24,Produto G6,Casa e Cozinha,43.83,5,219.15,Raul Peixoto,"Marques, RJ"
63,2023-08-02,Produto D29,Brinquedos,131.27,1,131.27,Ravy Rezende,"Nogueira, RS"
64,2023-08-22,Produto P15,Saúde e Beleza,369.3,1,369.3,Beatriz Viana,"Alves, DF"
65,2023-06-15,Produto R17,Roupas,22.09,5,110.45,Maitê Gomes,"Correia de Nascimento, BA"
66,2023-02-04,Produto Q42,Livros,219.66,2,439.32,Srta. Isabel Sá,"Barbosa, SP"
67,2024-09-29,Produto O40,Saúde e Beleza,174.98,2,349.96,Giovanna Pereira,"Pastor, SC"
68,2023-10-05,Produto Q16,Casa e Cozinha,124.63,3,373.89,Brayan Sales,"Barbosa, RO"
69,2024-07-02,Produto Z25,Ferramentas,226.61,2,453.22,Sr. Henrique Pereira,"Oliveira, PR"
70,2024-04-24,Produto T19,Esportes,476.77,2,953.54,Luísa da Rosa,"Barros do Sul, RS"
71,2023-06-07,Produto L37,Automotivo,443.18,5,2215.9,Maria Luiza Castro,"Aragão, PI"
72,2023-01-28,Produto Y50,Eletrônicos,490.07,3,1470.21,Srta. Kamilly Moraes,"Vargas do Norte, PB"
73,2024-07-22,Produto G32,Esportes,445.64,3,1336.92,Gustavo Macedo,"Sampaio de Costa, AM"
74,2024-07-22,Produto L37,Automotivo,443.18,5,2215.9,Yuri Pereira,"Cassiano de Minas, SE"
75,2023-07-13,Produto L11,Ferramentas,292.94,3,878.82,Raul Peixoto,"Marques, RJ"
76,2024-11-28,Produto E30,Roupas,164.86,3,494.58,Pedro Miguel Cavalcanti,"da Cunha Grande, ES"
77,2024-08-31,Produto C2,Saúde e Beleza,308.94,5,1544.7,Isabelly Porto,"Montenegro da Praia, AM"
78,2024-12-18,Produto W22,Automotivo,252.0,5,1260.0,Gael Montenegro,"Cunha, CE"
79,2023-05-10,Produto K10,Eletrônicos,478.73,1,478.73,Maria Liz Camargo,"Sousa, GO"
80,2023-09-26,Produto Y50,Eletrônicos,490.07,3,1470.21,Gustavo Macedo,"Sampaio de Costa, AM"
81,2023-07-23,Produto D29,Brinquedos,131.27,5,656.35,Rafaela Nunes,"Martins Alegre, BA"
82,2024-03-27,Produto H33,Saúde e Beleza,138.18,3,414.54,Gustavo Henrique Aparecida,"da Cunha, CE"
83,2023-05-14,Produto J35,Casa e Cozinha,467.25,1,467.25,João Lucas Rios,"Abreu, AP"
84,2023-03-10,Produto V47,Livros,240.47,5,1202.35,Otávio Melo,"Cassiano de Alves, CE"
85,2024-07-26,Produto U46,Casa e Cozinha,291.68,2,583.36,Sofia Carvalho,"Silva Alegre, SC"
86,2024-06-14,Produto L11,Ferramentas,292.94,4,1171.76,Manuella Pereira,"da Rosa, RN"
87,2024-05-04,Produto R17,Roupas,22.09,3,66.27,Srta. Ana Júlia Rocha,"Sales, ES"
88,2023-07-27,Produto E30,Roupas,164.86,5,824.3,Ryan Garcia,"Silveira do Campo, AM"
89,2024-07-09,Produto H33,Saúde e Beleza,138.18,4,552.72,Maria Liz Almeida,"Câmara do Amparo, MA"
90,2023-11-10,Produto M12,Saúde e Beleza,258.96,3,776.88,Otávio Melo,"Cassiano de Alves, CE"
91,2023-02-02,Produto S44,Jardim,380.45,4,1521.8,Brayan Sales,"Barbosa, RO"
92,2024-07-19,Produto E4,Saúde e Beleza,239.86,4,959.44,Ryan Andrade,"Novais, RS"
93,2024-03-13,Produto J9,Ferramentas,332.38,1,332.38,Dr. Nicolas Sampaio,"Moura de Fonseca, MA"
94,2023-09-11,Produto N39,Roupas,162.43,2,324.86,Dr. Cauã Peixoto,"Lima Alegre, RR"
95,2024-09-19,Produto Q16,Casa e Cozinha,124.63,5,623.15,Brayan Sales,"Barbosa, RO"
96,2024-06-28,Produto R43,Esportes,291.26,3,873.78,Maria Clara Andrade,"Rocha, SE"
97,2023-09-19,Produto A26,Saúde e Beleza,202.57,2,405.14,Gustavo Macedo,"Sampaio de Costa, AM"
98,2024-09-25,Produto H7,Roupas,227.33,2,454.66,Luan Campos,"da Luz da Serra, MA"
99,2024-12-15,Produto Q42,Livros,219.66,5,1098.3,Davi Barbosa,"Marques, AP"
100,2023-08-07,Produto V47,Livros,240.47,3,721.41,Sr. Anthony Gabriel Duarte,"Pimenta, SC"
101,2023-07-13,Produto E4,Saúde e Beleza,239.86,4,959.44,Giovanna Pereira,"Pastor, SC"
102,2023-11-26,Produto F5,Livros,294.83,1,294.83,Ana Júlia Vargas,"Garcia de Goiás, PR"
103,2024-05-15,Produto X23,Livros,260.48,4,1041.92,Isaque Pimenta,"Cunha Alegre, AP"
104,2024-03-22,Produto P41,Esportes,190.67,5,953.35,Erick da Cunha,"Oliveira Verde, SC"
105,2023-04-13,Produto V47,Livros,240.47,3,721.41,Sr. Enzo Gabriel Farias,"Abreu, PR"
106,2023-12-17,Produto F5,Livros,294.83,1,294.83,Samuel Aparecida,"Cirino, PR"
107,2023-01-02,Produto F31,Automotivo,447.94,5,2239.7,Marcos Vinicius Casa Grande,"Macedo da Serra, MA"
108,2023-05-09,Produto R43,Esportes,291.26,5,1456.3,Davi Barbosa,"Marques, AP"
109,2024-10-14,Produto P15,Saúde e Beleza,369.3,4,1477.2,Emanuelly Melo,"da Rosa de Minas, PE"
110,2024-07-09,Produto K10,Eletrônicos,478.73,2,957.46,Sr. Marcelo Jesus,"Barros, SC"
111,2023-03-22,Produto W22,Automotivo,252.0,5,1260.0,Emanuella Rios,"da Costa, SC"
112,2023-10-04,Produto N13,Roupas,467.82,1,467.82,João Vitor Rezende,"Sá, PR"
113,2023-05-28,Produto T45,Jardim,68.25,1,68.25,Bárbara da Rosa,"Guerra, TO"
114,2024-08-27,Produto T19,Esportes,476.77,5,2383.85,Maitê Gomes,"Correia de Nascimento, BA"
115,2024-12-20,Produto S18,Livros,406.96,2,813.92,Vitor Hugo Rezende,"Ramos, MA"
116,2023-01-16,Produto T45,Jardim,68.25,2,136.5,Ana Laura Rodrigues,"Fogaça das Pedras, PE"
117,2024-02-03,Produto N39,Roupas,162.43,3,487.29,Sr. Anthony Gabriel Duarte,"Pimenta, SC"
118,2023-07-18,Produto M12,Saúde e Beleza,258.96,3,776.88,Enzo Gabriel Guerra,"Jesus da Serra, RR"
119,2024-12-23,Produto S18,Livros,406.96,4,1627.84,Sofia Carvalho,"Silva Alegre, SC"
120,2024-06-15,Produto E4,Saúde e Beleza,239.86,3,719.58,Rafaela Nunes,"Martins Alegre, BA"
121,2023-04-05,Produto U20,Esportes,43.8,5,219.0,Raul Peixoto,"Marques, RJ"
122,2023-05-17,Produto I8,Jardim,452.61,5,2263.05,Sra. Maria Julia Moraes,"Fogaça do Sul, RS"
123,2024-02-08,Produto M12,Saúde e Beleza,258.96,2,517.92,Dr. Nicolas Sampaio,"Moura de Fonseca, MA"
124,2023-12-04,Produto B1,Livros,168.01,4,672.04,Sr. João Felipe Pimenta,"Guerra de Pimenta, CE"
125,2024-11-11,Produto J9,Ferramentas,332.38,5,1661.9,Sr. Henrique Pereira,"Oliveira, PR"
126,2023-08-23,Produto S18,Livros,406.96,3,1220.88,Gustavo Macedo,"Sampaio de Costa, AM"
127,2024-03-25,Produto P15,Saúde e Beleza,369.3,2,738.6,Marcos Vinicius Casa Grande,"Macedo da Serra, MA"
128,2023-12-22,Produto F31,Automotivo,447.94,3,1343.82,Luísa da Rosa,"Barros do Sul, RS"
129,2024-01-18,Produto X49,Ferramentas,218.49,2,436.98,Gabriel Cirino,"Azevedo do Norte, AM"
130,2023-06-25,Produto V47,Livros,240.47,1,240.47,Dr. Luiz Felipe Nunes,"Alves, PB"
131,2023-07-20,Produto M38,Eletrônicos,240.66,1,240.66,Yan Nogueira,"Freitas das Flores, RJ"
132,2024-04-16,Produto F31,Automotivo,447.94,4,1791.76,Dr. Cauã Azevedo,"Siqueira Paulista, TO"
133,2023-07-11,Produto N39,Roupas,162.43,2,324.86,Isaque Camargo,"Almeida, RR"
134,2023-05-05,Produto O14,Automotivo,385.65,5,1928.25,Ester da Mota,"Moraes, SE"
135,2024-03-11,Produto D29,Brinquedos,131.27,5,656.35,Lucas Gabriel da Costa,"Andrade do Campo, MS"
136,2024-04-02,Produto Q16,Casa e Cozinha,124.63,2,249.26,Raul Peixoto,"Marques, RJ"
137,2024-11-18,Produto Q16,Casa e Cozinha,124.63,2,249.26,Caroline Silveira,"Aragão da Serra, ES"
138,2024-08-08,Produto W48,Jardim,64.47,4,257.88,Sofia Carvalho,"Silva Alegre, SC"
139,2023-01-03,Produto P41,Esportes,190.67,3,572.01,Gustavo Macedo,"Sampaio de Costa, AM"
140,2023-08-21,Produto A26,Saúde e Beleza,202.57,5,1012.85,Otávio Melo,"Cassiano de Alves, CE"
141,2023-07-13,Produto S18,Livros,406.96,5,2034.8,Asafe Macedo,"Costela do Amparo, RR"
142,2024-12-12,Produto G32,Esportes,445.64,5,2228.2,Manuella Leão,"Cavalcante de Melo, PB"
143,2023-02-23,Produto M12,Saúde e Beleza,258.96,3,776.88,Ester da Mota,"Moraes, SE"
144,2023-07-19,Produto X49,Ferramentas,218.49,2,436.98,Dr. Luiz Felipe Nunes,"Alves, PB"
145,2023-05-25,Produto B1,Livros,168.01,5,840.05,Samuel Aparecida,"Cirino, PR"
146,2023-07-08,Produto L11,Ferramentas,292.94,2,585.88,Isaque Pimenta,"Cunha Alegre, AP"
147,2023-11-30,Produto V21,Roupas,399.92,1,399.92,Esther Câmara,"Monteiro, MS"
148,2024-12-19,Produto Q16,Casa e Cozinha,124.63,3,373.89,Pedro Miguel Cavalcanti,"da Cunha Grande, ES"
149,2023-06-20,Produto O40,Saúde e Beleza,174.98,2,349.96,Davi Barbosa,"Marques, AP"
150,2023-03-11,Produto P15,Saúde e Beleza,369.3,4,1477.2,Ryan Gonçalves,"da Costa Verde, RR"
151,2023-06-29,Produto Z25,Ferramentas,226.61,3,679.83,Luiz Miguel Nogueira,"Costela, SC"
152,2023-02-27,Produto B1,Livros,168.01,3,504.03,Rhavi Fernandes,"Leão, PE"
153,2024-01-28,Produto B1,Livros,168.01,2,336.02,Diogo Cirino,"Fernandes dos Dourados, RJ"
154,2024-04-22,Produto U20,Esportes,43.8,4,175.2,Sr. Henrique Pereira,"Oliveira, PR"
155,2024-05-19,Produto U46,Casa e Cozinha,291.68,2,583.36,Pietra Monteiro,"da Luz do Amparo, DF"
156,2023-11-19,Produto R43,Esportes,291.26,5,1456.3,Isaac Pinto,"Barros dos Dourados, BA"
157,2024-12-25,Produto K10,Eletrônicos,478.73,3,1436.19,Yago Garcia,"Casa Grande da Serra, CE"
158,2024-07-28,Produto T19,Esportes,476.77,1,476.77,Luigi Moreira,"da Costa dos Dourados, BA"
159,2024-01-13,Produto B27,Automotivo,156.79,3,470.37,Giovanna Pereira,"Pastor, SC"
160,2024-01-26,Produto S18,Livros,406.96,4,1627.84,Sara Novais,"Garcia, PE"
161,2024-01-22,Produto B1,Livros,168.01,3,504.03,Sra. Valentina Porto,"Souza, SP"
162,2023-06-27,Produto I34,Ferramentas,10.74,1,10.74,Maria Liz Camargo,"Sousa, GO"
163,2023-07-10,Produto X49,Ferramentas,218.49,4,873.96,Bruna Gomes,"Ribeiro Paulista, RS"
164,2023-11-12,Produto M12,Saúde e Beleza,258.96,2,517.92,Yan Rezende,"Carvalho de Vieira, BA"
165,2023-12-11,Produto D29,Brinquedos,131.27,2,262.54,Dr. Nicolas Sampaio,"Moura de Fonseca, MA"
166,2024-05-05,Produto U20,Esportes,43.8,1,43.8,Eloah Costa,"Pires, RN"
167,2024-05-17,Produto K10,Eletrônicos,478.73,2,957.46,Guilherme Cavalcanti,"Lima, AM"
168,2024-07-12,Produto E30,Roupas,164.86,1,164.86,Lucas Gabriel da Costa,"Andrade do Campo, MS"
169,2024-01-13,Produto J9,Ferramentas,332.38,5,1661.9,Enzo Gabriel Dias,"da Cruz, RN"
170,2023-05-06,Produto P15,Saúde e Beleza,369.3,1,369.3,Maria da Mata,"Monteiro, PE"
171,2024-09-03,Produto D3,Roupas,391.97,1,391.97,Dr. Lucas Gabriel Novais,"das Neves, CE"
172,2024-04-20,Produto B1,Livros,168.01,2,336.02,Yuri da Mata,"da Rosa, RN"
173,2024-10-21,Produto O14,Automotivo,385.65,1,385.65,Kamilly Fonseca,"Azevedo, GO"
174,2023-04-10,Produto X49,Ferramentas,218.49,1,218.49,João Pedro Gonçalves,"Alves da Serra, MT"
175,2023-04-02,Produto P15,Saúde e Beleza,369.3,5,1846.5,Dr. Cauã Azevedo,"Siqueira Paulista, TO"
176,2023-10-09,Produto T19,Esportes,476.77,2,953.54,Rhavi Oliveira,"Gonçalves da Prata, PE"
177,2024-08-07,Produto D29,Brinquedos,131.27,5,656.35,Isis Montenegro,"Cunha, PA"
178,2023-03-26,Produto H7,Roupas,227.33,5,1136.65,Dra. Amanda Brito,"Machado, TO"
179,2023-11-10,Produto P15,Saúde e Beleza,369.3,4,1477.2,Gael Montenegro,"Cunha, CE"
180,2023-02-01,Produto R17,Roupas,22.09,2,44.18,Marcela Pinto,"Nascimento do Oeste, RS"
181,2024-04-12,Produto W22,Automotivo,252.0,1,252.0,Maria Liz Almeida,"Câmara do Amparo, MA"
182,2023-03-22,Produto F31,Automotivo,447.94,4,1791.76,Pedro Miguel Cavalcanti,"da Cunha Grande, ES"
183,2024-09-15,Produto E4,Saúde e Beleza,239.86,5,1199.3,Anthony Rocha,"Leão, PA"
184,2023-05-09,Produto J9,Ferramentas,332.38,4,1329.52,Enzo Gabriel Dias,"da Cruz, RN"
185,2024-02-01,Produto K10,Eletrônicos,478.73,3,1436.19,Maitê Souza,"da Cruz, MG"
186,2023-12-02,Produto D29,Brinquedos,131.27,4,525.08,Dr. Lucas Gabriel Novais,"das Neves, CE"
187,2023-12-14,Produto S18,Livros,406.96,1,406.96,Miguel Albuquerque,"Cunha do Sul, BA"
188,2024-07-24,Produto L37,Automotivo,443.18,3,1329.54,Ana Sophia Pimenta,"Sá do Sul, ES"
189,2023-05-16,Produto Z25,Ferramentas,226.61,2,453.22,Yuri Rios,"Machado, RN"
190,2023-08-18,Produto V21,Roupas,399.92,2,799.84,Dra. Maria Laura Lopes,"da Rosa, AM"
191,2023-05-21,Produto U46,Casa e Cozinha,291.68,2,583.36,Yan Rezende,"Carvalho de Vieira, BA"
192,2023-07-18,Produto G6,Casa e Cozinha,43.83,1,43.83,Julia Gonçalves,"Vieira da Praia, SE"
193,2024-10-28,Produto J35,Casa e Cozinha,467.25,2,934.5,Gabriel Cavalcante,"Cassiano, SP"
194,2023-05-18,Produto B1,Livros,168.01,4,672.04,Fernanda Machado,"Dias de Goiás, MG"
195,2023-11-03,Produto D3,Roupas,391.97,1,391.97,Gustavo Macedo,"Sampaio de Costa, AM"
196,2024-09-23,Produto K36,Casa e Cozinha,369.68,1,369.68,Emilly Costela,"Campos de Fonseca, TO"
197,2023-10-31,Produto Z25,Ferramentas,226.61,1,226.61,Sra. Isabela Martins,"Nunes, GO"
198,2024-07-09,Produto F31,Automotivo,447.94,3,1343.82,Alice Carvalho,"Dias, PA"
199,2024-06-09,Produto G6,Casa e Cozinha,43.83,4,175.32,Maitê Gomes,"Correia de Nascimento, BA"
200,2024-08-03,Produto A26,Saúde e Beleza,202.57,1,202.57,Aurora Garcia,"Moraes, RJ"
201,2023-06-14,Produto P15,Saúde e Beleza,369.3,3,1107.9,Sarah Gonçalves,"Brito, AL"
202,2024-01-23,Produto K36,Casa e Cozinha,369.68,5,1848.4,João Vitor Nascimento,"Castro do Campo, DF"
203,2023-01-14,Produto W22,Automotivo,252.0,4,1008.0,Emilly Costela,"Campos de Fonseca, TO"
204,2024-11-21,Produto W48,Jardim,64.47,2,128.94,Emilly Costela,"Campos de Fonseca, TO"
205,2024-10-09,Produto N39,Roupas,162.43,3,487.29,Dr. Luan Camargo,"Cirino, AM"
206,2023-07-25,Produto X49,Ferramentas,218.49,2,436.98,Sr. João Felipe Pimenta,"Guerra de Pimenta, CE"
207,2023-09-28,Produto Y24,Esportes,237.93,4,951.72,Maria Julia Cunha,"Ramos Paulista, AP"
208,2024-01-18,Produto H7,Roupas,227.33,1,227.33,Lunna Souza,"Guerra de da Conceição, AC"
209,2023-08-30,Produto U46,Casa e Cozinha,291.68,4,1166.72,Maria Julia Novais,"Barbosa, PB"
210,2024-03-06,Produto J35,Casa e Cozinha,467.25,5,2336.25,Samuel Aparecida,"Cirino, PR"
211,2024-06-29,Produto H7,Roupas,227.33,3,681.99,Emanuelly Melo,"da Rosa de Minas, PE"
212,2023-12-02,Produto F5,Livros,294.83,3,884.49,Raul Peixoto,"Marques, RJ"
213,2023-07-25,Produto Y50,Eletrônicos,490.07,2,980.14,Isadora Almeida,"Montenegro, RR"
214,2024-09-08,Produto H33,Saúde e Beleza,138.18,3,414.54,Dr. Luiz Miguel Garcia,"Cunha, RN"
215,2024-04-08,Produto C28,Ferramentas,377.33,2,754.66,Maria Liz Almeida,"Câmara do Amparo, MA"
216,2024-11-17,Produto X49,Ferramentas,218.49,4,873.96,Guilherme Abreu,"da Rosa Verde, PI"
217,2024-07-03,Produto I34,Ferramentas,10.74,5,53.7,Olívia Rios,"Fonseca, PB"
218,2023-12-26,Produto M38,Eletrônicos,240.66,1,240.66,Beatriz Viana,"Alves, DF"
219,2023-09-08,Produto X49,Ferramentas,218.49,1,218.49,Isabel da Cruz,"da Rosa das Flores, PR"
220,2024-11-23,Produto S44,Jardim,380.45,3,1141.35,Giovanna Pereira,"Pastor, SC"
221,2023-10-18,Produto E30,Roupas,164.86,3,494.58,Maria Helena Barbosa,"Lopes, BA"
222,2024-11-13,Produto X23,Livros,260.48,1,260.48,Sra. Manuella Novaes,"Azevedo do Oeste, SP"
223,2024-08-01,Produto F31,Automotivo,447.94,3,1343.82,Asafe Macedo,"Costela do Amparo, RR"
224,2024-08-06,Produto E30,Roupas,164.86,2,329.72,Lunna Souza,"Guerra de da Conceição, AC"
225,2023-03-14,Produto I8,Jardim,452.61,3,1357.83,Sr. Vitor Jesus,"Sá de Souza, MA"
226,2023-05-12,Produto I34,Ferramentas,10.74,1,10.74,Ana Vitória Oliveira,"da Costa, BA"
227,2024-01-26,Produto F31,Automotivo,447.94,5,2239.7,Sra. Raquel Silveira,"Casa Grande, ES"
228,2024-12-30,Produto U20,Esportes,43.8,3,131.4,Brayan Farias,"Almeida dos Dourados, MS"
229,2023-07-07,Produto C2,Saúde e Beleza,308.94,2,617.88,Lunna Souza,"Guerra de da Conceição, AC"
230,2023-06-16,Produto B27,Automotivo,156.79,4,627.16,Yan Rezende,"Carvalho de Vieira, BA"
231,2024-03-17,Produto Q16,Casa e Cozinha,124.63,3,373.89,Lavínia Silveira,"Pimenta, PI"
232,2023-05-31,Produto G32,Esportes,445.64,3,1336.92,Ravi Lucca Costa,"da Cruz das Flores, CE"
233,2023-01-04,Produto G32,Esportes,445.64,1,445.64,Dr. Bruno Albuquerque,"Barros de Souza, PA"
234,2024-01-03,Produto S44,Jardim,380.45,4,1521.8,Sr. Henrique Pereira,"Oliveira, PR"
235,2023-02-18,Produto N13,Roupas,467.82,1,467.82,Gabriel Cavalcante,"Cassiano, SP"
236,2023-10-09,Produto B27,Automotivo,156.79,2,313.58,Dr. Cauã Azevedo,"Siqueira Paulista, TO"
237,2023-04-19,Produto M38,Eletrônicos,240.66,2,481.32,Yan Rezende,"Carvalho de Vieira, BA"
238,2024-08-20,Produto D29,Brinquedos,131.27,4,525.08,Cauã da Mata,"Porto, TO"
239,2024-01-31,Produto N13,Roupas,467.82,1,467.82,Giovanna Pereira,"Pastor, SC"
240,2024-09-07,Produto H33,Saúde e Beleza,138.18,3,414.54,Marcos Vinicius Casa Grande,"Macedo da Serra, MA"
241,2024-02-04,Produto I34,Ferramentas,10.74,5,53.7,Luigi Moreira,"da Costa dos Dourados, BA"
242,2024-02-14,Produto L11,Ferramentas,292.94,5,1464.7,Davi Luiz Andrade,"Pastor, PB"
243,2023-06-10,Produto H33,Saúde e Beleza,138.18,4,552.72,Bárbara da Rosa,"Guerra, TO"
244,2023-01-01,Produto E30,Roupas,164.86,5,824.3,Esther Vieira,"Moreira, MS"
245,2023-09-20,Produto W48,Jardim,64.47,4,257.88,Yan Rezende,"Carvalho de Vieira, BA"
246,2024-08-24,Produto K36,Casa e Cozinha,369.68,3,1109.04,Sr. Pedro Henrique Andrade,"Gonçalves, CE"
247,2024-06-24,Produto L37,Automotivo,443.18,3,1329.54,Sr. Pedro Henrique Andrade,"Gonçalves, CE"
248,2024-11-07,Produto I34,Ferramentas,10.74,3,32.22,Enzo Gabriel Guerra,"Jesus da Serra, RR"
249,2023-01-19,Produto P41,Esportes,190.67,3,572.01,Eloah Costa,"Pires, RN"
250,2023-12-05,Produto X23,Livros,260.48,2,520.96,Emanuel Moura,"Martins, MS"
251,2023-12-22,Produto R43,Esportes,291.26,3,873.78,Gustavo Macedo,"Sampaio de Costa, AM"
252,2024-07-19,Produto O40,Saúde e Beleza,174.98,5,874.9,Sra. Rafaela da Rosa,"Fernandes Alegre, MT"
253,2024-12-02,Produto N39,Roupas,162.43,3,487.29,Rhavi Oliveira,"Gonçalves da Prata, PE"
254,2023-03-20,Produto M38,Eletrônicos,240.66,3,721.98,Srta. Isabel Sá,"Barbosa, SP"
255,2023-07-07,Produto D29,Brinquedos,131.27,4,525.08,Isis Montenegro,"Cunha, PA"
256,2024-02-01,Produto C2,Saúde e Beleza,308.94,3,926.82,Sra. Rafaela da Rosa,"Fernandes Alegre, MT"
257,2024-10-11,Produto I8,Jardim,452.61,5,2263.05,Nina Gomes,"Leão Alegre, RN"
258,2023-08-11,Produto G32,Esportes,445.64,4,1782.56,Stella Abreu,"Fernandes, MA"
259,2023-03-12,Produto U46,Casa e Cozinha,291.68,1,291.68,Heloísa Gomes,"Jesus dos Dourados, AL"
260,2023-11-04,Produto J9,Ferramentas,332.38,3,997.14,Aurora da Rosa,"Aparecida do Oeste, RO"
261,2023-02-12,Produto K10,Eletrônicos,478.73,2,957.46,Joaquim Brito,"Vargas, PB"
262,2023-11-03,Produto L37,Automotivo,443.18,5,2215.9,Erick da Cunha,"Oliveira Verde, SC"
263,2024-03-26,Produto C2,Saúde e Beleza,308.94,3,926.82,Luísa da Rosa,"Barros do Sul, RS"
264,2024-02-25,Produto N13,Roupas,467.82,2,935.64,Joaquim Brito,"Vargas, PB"
265,2024-01-26,Produto D29,Brinquedos,131.27,1,131.27,Luiz Felipe Pereira,"Sousa, PE"
266,2023-07-12,Produto G32,Esportes,445.64,3,1336.92,Yan Nogueira,"Freitas das Flores, RJ"
267,2023-11-11,Produto T19,Esportes,476.77,4,1907.08,Sra. Valentina Porto,"Souza, SP"
268,2023-03-14,Produto P41,Esportes,190.67,5,953.35,Eloah Costa,"Pires, RN"
269,2023-01-01,Produto K10,Eletrônicos,478.73,3,1436.19,Ana Vitória Oliveira,"da Costa, BA"
270,2023-03-25,Produto H7,Roupas,227.33,2,454.66,Lívia Silveira,"Vasconcelos de da Costa, MG"
271,2023-10-06,Produto B1,Livros,168.01,3,504.03,Isis Montenegro,"Cunha, PA"
272,2023-01-27,Produto O14,Automotivo,385.65,1,385.65,Emanuella Rios,"da Costa, SC"
273,2023-06-09,Produto T19,Esportes,476.77,4,1907.08,Bryan Macedo,"Marques do Norte, AL"
274,2024-07-02,Produto P15,Saúde e Beleza,369.3,4,1477.2,Ayla Fonseca,"Moura, DF"
275,2023-08-11,Produto N13,Roupas,467.82,1,467.82,Ana Carolina Marques,"Andrade do Campo, ES"
276,2024-06-04,Produto G32,Esportes,445.64,2,891.28,Ayla Pinto,"Sales do Galho, TO"
277,2024-03-04,Produto H33,Saúde e Beleza,138.18,3,414.54,Sarah das Neves,"Peixoto do Campo, PI"
278,2023-02-14,Produto H33,Saúde e Beleza,138.18,1,138.18,Sra. Alícia Guerra,"da Cunha, PE"
279,2023-01-16,Produto Y24,Esportes,237.93,2,475.86,Gustavo Henrique Aparecida,"da Cunha, CE"
280,2023-05-30,Produto D29,Brinquedos,131.27,2,262.54,Maria Liz Almeida,"Câmara do Amparo, MA"
281,2024-01-21,Produto I34,Ferramentas,10.74,2,21.48,Bárbara da Rosa,"Guerra, TO"
282,2023-10-17,Produto U46,Casa e Cozinha,291.68,3,875.04,Srta. Isabel Duarte,"Sales, AC"
283,2024-06-25,Produto M38,Eletrônicos,240.66,5,1203.3,Maria Cecília da Paz,"Peixoto do Sul, AL"
284,2024-04-22,Produto G32,Esportes,445.64,1,445.64,Pedro Miguel Cavalcanti,"da Cunha Grande, ES"
285,2024-02-11,Produto Z25,Ferramentas,226.61,3,679.83,Nina Gomes,"Leão Alegre, RN"
286,2023-05-23,Produto M12,Saúde e Beleza,258.96,3,776.88,Dr. Lucas Gabriel Novais,"das Neves, CE"
287,2023-09-20,Produto U20,Esportes,43.8,2,87.6,Fernanda Machado,"Dias de Goiás, MG"
288,2023-04-02,Produto C2,Saúde e Beleza,308.94,2,617.88,Pietra Monteiro,"da Luz do Amparo, DF"
289,2024-01-28,Produto L37,Automotivo,443.18,5,2215.9,Ana Carolina Marques,"Andrade do Campo, ES"
290,2023-04-26,Produto H7,Roupas,227.33,2,454.66,Manuella Leão,"Cavalcante de Melo, PB"
291,2024-07-03,Produto E4,Saúde e Beleza,239.86,5,1199.3,Luiz Miguel Nogueira,"Costela, SC"
292,2023-06-14,Produto D29,Brinquedos,131.27,5,656.35,Henrique Ferreira,"da Rocha do Norte, MT"
293,2023-07-30,Produto B1,Livros,168.01,2,336.02,Sabrina Sá,"Siqueira Verde, PB"
294,2024-02-16,Produto V47,Livros,240.47,3,721.41,Fernanda Machado,"Dias de Goiás, MG"
295,2024-06-09,Produto X49,Ferramentas,218.49,4,873.96,Lucca Barbosa,"Guerra, MT"
296,2024-10-04,Produto S44,Jardim,380.45,1,380.45,Gael Montenegro,"Cunha, CE"
297,2023-07-11,Produto V47,Livros,240.47,5,1202.35,Maria Julia Novais,"Barbosa, PB"
298,2024-10-01,Produto L11,Ferramentas,292.94,2,585.88,Sofia Carvalho,"Silva Alegre, SC"
299,2024-06-25,Produto W48,Jardim,64.47,1,64.47,Dra. Alice Aparecida,"Fernandes, TO"
300,2023-02-22,Produto S18,Livros,406.96,1,406.96,Srta. Kamilly Moraes,"Vargas do Norte, PB"
301,2023-12-27,Produto L37,Automotivo,443.18,1,443.18,Ryan Andrade,"Novais, RS"
302,2024-04-02,Produto N39,Roupas,162.43,4,649.72,Dr. Cauã Peixoto,"Lima Alegre, RR"
303,2024-10-04,Produto O14,Automotivo,385.65,5,1928.25,Aurora da Rosa,"Aparecida do Oeste, RO"
304,2023-08-28,Produto I34,Ferramentas,10.74,4,42.96,Lorena Barros,"Caldeira da Prata, RR"
305,2024-01-20,Produto J35,Casa e Cozinha,467.25,3,1401.75,Srta. Isabel Duarte,"Sales, AC"
306,2023-06-26,Produto T45,Jardim,68.25,4,273.0,Enzo Gabriel Dias,"da Cruz, RN"
307,2023-02-10,Produto B27,Automotivo,156.79,5,783.95,Sra. Mirella da Cunha,"Albuquerque de Carvalho, GO"
308,2023-07-23,Produto G32,Esportes,445.64,2,891.28,Otávio Melo,"Cassiano de Alves, CE"
309,2023-06-06,Produto U20,Esportes,43.8,5,219.0,Yan Nogueira,"Freitas das Flores, RJ"
310,2024-09-07,Produto K10,Eletrônicos,478.73,3,1436.19,Gabriel da Rosa,"Teixeira Grande, DF"
311,2024-10-27,Produto M38,Eletrônicos,240.66,1,240.66,Manuella Pereira,"da Rosa, RN"
312,2024-07-30,Produto X23,Livros,260.48,4,1041.92,Sr. Pedro Henrique Andrade,"Gonçalves, CE"
313,2024-07-06,Produto T19,Esportes,476.77,3,1430.31,Yago Garcia,"Casa Grande da Serra, CE"
314,2023-09-29,Produto V47,Livros,240.47,3,721.41,Enzo Gabriel Dias,"da Cruz, RN"
315,2024-09-27,Produto W48,Jardim,64.47,2,128.94,Lunna Pastor,"Montenegro, GO"
316,2023-02-09,Produto B1,Livros,168.01,3,504.03,Emilly Costela,"Campos de Fonseca, TO"
317,2023-11-25,Produto H7,Roupas,227.33,1,227.33,Luiz Miguel Nogueira,"Costela, SC"
318,2023-09-17,Produto I8,Jardim,452.61,3,1357.83,Stella Abreu,"Fernandes, MA"
319,2023-06-25,Produto S18,Livros,406.96,1,406.96,Luísa da Rosa,"Barros do Sul, RS"
320,2024-06-13,Produto U46,Casa e Cozinha,291.68,5,1458.4,Kamilly Fonseca,"Azevedo, GO"
321,2024-09-01,Produto B1,Livros,168.01,3,504.03,Cauã da Mata,"Porto, TO"
322,2024-12-30,Produto F31,Automotivo,447.94,5,2239.7,Ryan Andrade,"Novais, RS"
323,2023-06-24,Produto S44,Jardim,380.45,2,760.9,Ana Sophia Pimenta,"Sá do Sul, ES"
324,2023-07-17,Produto H33,Saúde e Beleza,138.18,4,552.72,Manuella Leão,"Cavalcante de Melo, PB"
325,2023-12-18,Produto K36,Casa e Cozinha,369.68,3,1109.04,Sabrina Sá,"Siqueira Verde, PB"
326,2024-08-01,Produto L11,Ferramentas,292.94,4,1171.76,Lunna Souza,"Guerra de da Conceição, AC"
327,2023-05-26,Produto K10,Eletrônicos,478.73,1,478.73,Sr. João Felipe Pimenta,"Guerra de Pimenta, CE"
328,2024-06-04,Produto B27,Automotivo,156.79,2,313.58,Yuri Rios,"Machado, RN"
329,2024-05-14,Produto G32,Esportes,445.64,1,445.64,Esther Vieira,"Moreira, MS"
330,2023-05-02,Produto X23,Livros,260.48,1,260.48,Enrico da Cunha,"Aragão, MT"
331,2023-03-07,Produto R43,Esportes,291.26,2,582.52,Leandro Marques,"Cavalcante de Nogueira, RR"
332,2024-07-13,Produto G32,Esportes,445.64,2,891.28,Apollo da Cunha,"Pacheco de Brito, PE"
333,2024-12-01,Produto I8,Jardim,452.61,5,2263.05,Isabel Marques,"Pacheco da Serra, PE"
334,2023-09-05,Produto C28,Ferramentas,377.33,3,1131.99,Emanuelly Melo,"da Rosa de Minas, PE"
335,2023-06-28,Produto M38,Eletrônicos,240.66,3,721.98,Apollo da Cunha,"Pacheco de Brito, PE"
336,2024-02-10,Produto O14,Automotivo,385.65,5,1928.25,Vicente Rocha,"Costela, RS"
337,2023-05-29,Produto R43,Esportes,291.26,2,582.52,Henrique Ferreira,"da Rocha do Norte, MT"
338,2024-04-10,Produto H7,Roupas,227.33,3,681.99,Vitor Hugo Rezende,"Ramos, MA"
339,2024-04-09,Produto H7,Roupas,227.33,3,681.99,Dr. Cauã Peixoto,"Lima Alegre, RR"
340,2023-10-16,Produto G6,Casa e Cozinha,43.83,1,43.83,Sra. Isabela Martins,"Nunes, GO"
341,2023-04-27,Produto Q42,Livros,219.66,3,658.98,Ravy Rezende,"Nogueira, RS"
342,2024-11-19,Produto G6,Casa e Cozinha,43.83,3,131.49,Eduardo Casa Grande,"Pinto, TO"
343,2023-09-12,Produto L37,Automotivo,443.18,3,1329.54,Maria Julia Novais,"Barbosa, PB"
344,2023-02-22,Produto U46,Casa e Cozinha,291.68,3,875.04,Isabel Marques,"Pacheco da Serra, PE"
345,2024-10-20,Produto P41,Esportes,190.67,1,190.67,Lorena Barros,"Caldeira da Prata, RR"
346,2023-08-07,Produto H33,Saúde e Beleza,138.18,2,276.36,Carolina Rocha,"Novais, SC"
347,2024-01-23,Produto B27,Automotivo,156.79,1,156.79,Guilherme Cavalcanti,"Lima, AM"
348,2023-11-07,Produto H33,Saúde e Beleza,138.18,3,414.54,João Lucas Cavalcante,"Cassiano de Casa Grande, RR"
349,2024-08-18,Produto U20,Esportes,43.8,2,87.6,Sr. Valentim Duarte,"Cassiano de Nascimento, AL"
350,2024-05-13,Produto J35,Casa e Cozinha,467.25,3,1401.75,Dr. Bruno Albuquerque,"Barros de Souza, PA"
351,2023-07-26,Produto F5,Livros,294.83,4,1179.32,Sra. Alícia Guerra,"da Cunha, PE"
352,2024-06-25,Produto X23,Livros,260.48,5,1302.4,Cauã da Mata,"Porto, TO"
353,2024-07-02,Produto O40,Saúde e Beleza,174.98,3,524.94,Ravi Lucca Costa,"da Cruz das Flores, CE"
354,2024-03-30,Produto K36,Casa e Cozinha,369.68,1,369.68,Vicente Rocha,"Costela, RS"
355,2024-12-09,Produto T19,Esportes,476.77,5,2383.85,Luan Campos,"da Luz da Serra, MA"
356,2023-03-31,Produto B27,Automotivo,156.79,3,470.37,Anthony Rocha,"Leão, PA"
357,2024-08-04,Produto X23,Livros,260.48,4,1041.92,Marcos Vinicius Casa Grande,"Macedo da Serra, MA"
358,2024-06-07,Produto F5,Livros,294.83,4,1179.32,Heloísa Gomes,"Jesus dos Dourados, AL"
359,2024-08-14,Produto E4,Saúde e Beleza,239.86,3,719.58,João Vitor Nascimento,"Castro do Campo, DF"
360,2024-10-09,Produto V47,Livros,240.47,5,1202.35,Manuella Leão,"Cavalcante de Melo, PB"
361,2024-03-04,Produto I34,Ferramentas,10.74,2,21.48,Dr. Luiz Miguel Garcia,"Cunha, RN"
362,2023-04-20,Produto F31,Automotivo,447.94,2,895.88,Isaque Pimenta,"Cunha Alegre, AP"
363,2023-01-19,Produto Z25,Ferramentas,226.61,3,679.83,Emanuelly Melo,"da Rosa de Minas, PE"
364,2024-11-20,Produto E4,Saúde e Beleza,239.86,3,719.58,Guilherme Abreu,"da Rosa Verde, PI"
365,2024-02-19,Produto Y24,Esportes,237.93,5,1189.65,Dr. Cauã Azevedo,"Siqueira Paulista, TO"
366,2023-05-27,Produto E30,Roupas,164.86,2,329.72,Dr. Luiz Felipe Nunes,"Alves, PB"
367,2024-07-29,Produto N39,Roupas,162.43,3,487.29,Sr. João Felipe Pimenta,"Guerra de Pimenta, CE"
368,2023-12-04,Produto F31,Automotivo,447.94,5,2239.7,Kevin Garcia,"Marques, MG"
369,2024-01-18,Produto M38,Eletrônicos,240.66,5,1203.3,Rafaela Nunes,"Martins Alegre, BA"
370,2023-07-26,Produto K10,Eletrônicos,478.73,5,2393.65,Yan Rezende,"Carvalho de Vieira, BA"
371,2023-04-06,Produto Y50,Eletrônicos,490.07,2,980.14,Eloah Costa,"Pires, RN"
372,2023-03-08,Produto B27,Automotivo,156.79,1,156.79,Emanuella Rios,"da Costa, SC"
373,2024-06-16,Produto Q16,Casa e Cozinha,124.63,2,249.26,Maria Liz Camargo,"Sousa, GO"
374,2023-11-02,Produto L11,Ferramentas,292.94,1,292.94,Maria Júlia Ferreira,"Nascimento das Flores, PA"
375,2024-01-15,Produto E4,Saúde e Beleza,239.86,5,1199.3,Sr. Enzo Gabriel Farias,"Abreu, PR"
376,2024-10-22,Produto S44,Jardim,380.45,2,760.9,Dra. Ana Clara Araújo,"Dias, PB"
377,2024-09-08,Produto W48,Jardim,64.47,4,257.88,Sofia Carvalho,"Silva Alegre, SC"
378,2024-04-05,Produto P15,Saúde e Beleza,369.3,2,738.6,Dr. Cauã Azevedo,"Siqueira Paulista, TO"
379,2024-03-09,Produto G6,Casa e Cozinha,43.83,4,175.32,Ana Carolina Marques,"Andrade do Campo, ES"
380,2023-01-03,Produto N39,Roupas,162.43,5,812.15,Luana Pastor,"Pinto do Norte, RS"
381,2023-06-07,Produto Q42,Livros,219.66,1,219.66,Joaquim Cavalcanti,"Farias, MS"
382,2023-10-20,Produto R43,Esportes,291.26,2,582.52,Maria Helena Barbosa,"Lopes, BA"
383,2024-06-25,Produto Y50,Eletrônicos,490.07,4,1960.28,Manuella Leão,"Cavalcante de Melo, PB"
384,2024-12-06,Produto Y24,Esportes,237.93,1,237.93,Carolina Rocha,"Novais, SC"
385,2023-06-27,Produto F5,Livros,294.83,4,1179.32,Ana Sophia Pimenta,"Sá do Sul, ES"
386,2024-10-02,Produto C2,Saúde e Beleza,308.94,5,1544.7,Sabrina Sá,"Siqueira Verde, PB"
387,2023-05-15,Produto C2,Saúde e Beleza,308.94,5,1544.7,Yuri da Mata,"da Rosa, RN"
388,2024-03-02,Produto M12,Saúde e Beleza,258.96,4,1035.84,Manuella Leão,"Cavalcante de Melo, PB"
389,2023-10-26,Produto U46,Casa e Cozinha,291.68,5,1458.4,Maitê Souza,"da Cruz, MG"
390,2024-11-11,Produto O40,Saúde e Beleza,174.98,5,874.9,Bárbara da Rosa,"Guerra, TO"
391,2023-02-02,Produto R43,Esportes,291.26,3,873.78,Ester da Mota,"Moraes, SE"
392,2024-10-21,Produto H7,Roupas,227.33,5,1136.65,Ayla da Cruz,"Leão do Oeste, PA"
393,2023-01-21,Produto G6,Casa e Cozinha,43.83,3,131.49,Miguel Albuquerque,"Cunha do Sul, BA"
394,2024-12-04,Produto F31,Automotivo,447.94,5,2239.7,Otávio Melo,"Cassiano de Alves, CE"
395,2023-04-28,Produto J35,Casa e Cozinha,467.25,1,467.25,Maria Júlia Ferreira,"Nascimento das Flores, PA"
396,2023-07-16,Produto B27,Automotivo,156.79,1,156.79,Lavínia Silveira,"Pimenta, PI"
397,2024-05-11,Produto V21,Roupas,399.92,4,1599.68,Sarah das Neves,"Peixoto do Campo, PI"
398,2024-01-27,Produto U20,Esportes,43.8,1,43.8,Caroline Silveira,"Aragão da Serra, ES"
399,2024-06-22,Produto Y50,Eletrônicos,490.07,5,2450.35,Maria Helena Barbosa,"Lopes, BA"
400,2023-09-15,Produto O40,Saúde e Beleza,174.98,5,874.9,Vitor Hugo Rezende,"Ramos, MA"
401,2024-09-09,Produto X49,Ferramentas,218.49,3,655.47,Maria Helena Barbosa,"Lopes, BA"
402,2023-07-06,Produto P41,Esportes,190.67,2,381.34,Dr. Nicolas Sampaio,"Moura de Fonseca, MA"
403,2024-05-31,Produto Q42,Livros,219.66,1,219.66,João Lucas Rios,"Abreu, AP"
404,2023-07-18,Produto D29,Brinquedos,131.27,1,131.27,Maria Cecília da Paz,"Peixoto do Sul, AL"
405,2024-08-08,Produto J9,Ferramentas,332.38,5,1661.9,Sra. Mirella da Cunha,"Albuquerque de Carvalho, GO"
406,2024-02-05,Produto Q42,Livros,219.66,5,1098.3,Lunna Pastor,"Montenegro, GO"
407,2023-10-29,Produto Y50,Eletrônicos,490.07,2,980.14,Yan Nogueira,"Freitas das Flores, RJ"
408,2023-05-22,Produto J9,Ferramentas,332.38,4,1329.52,Yasmin Costa,"Rezende Verde, SP"
409,2024-12-10,Produto X49,Ferramentas,218.49,1,218.49,Srta. Ana Júlia Rocha,"Sales, ES"
410,2024-11-11,Produto X49,Ferramentas,218.49,5,1092.45,Yuri da Mata,"da Rosa, RN"
411,2024-08-17,Produto J9,Ferramentas,332.38,1,332.38,Stella Abreu,"Fernandes, MA"
412,2023-01-02,Produto C28,Ferramentas,377.33,3,1131.99,Ana Carolina Marques,"Andrade do Campo, ES"
413,2023-02-23,Produto O40,Saúde e Beleza,174.98,4,699.92,Giovanna Pereira,"Pastor, SC"
414,2024-09-07,Produto R43,Esportes,291.26,1,291.26,Enzo Gabriel Dias,"da Cruz, RN"
415,2023-03-24,Produto E4,Saúde e Beleza,239.86,5,1199.3,Maria Liz Camargo,"Sousa, GO"
416,2024-04-07,Produto U46,Casa e Cozinha,291.68,5,1458.4,Maria Julia Cunha,"Ramos Paulista, AP"
417,2024-03-12,Produto C28,Ferramentas,377.33,1,377.33,Kamilly Fonseca,"Azevedo, GO"
418,2024-08-23,Produto C28,Ferramentas,377.33,5,1886.65,Sra. Valentina Porto,"Souza, SP"
419,2024-11-02,Produto H33,Saúde e Beleza,138.18,4,552.72,Dr. Luan Camargo,"Cirino, AM"
420,2024-01-19,Produto W22,Automotivo,252.0,5,1260.0,Lorena Barros,"Caldeira da Prata, RR"
421,2024-09-15,Produto T19,Esportes,476.77,4,1907.08,Sara Novais,"Garcia, PE"
422,2023-09-17,Produto U20,Esportes,43.8,2,87.6,Maria Clara Andrade,"Rocha, SE"
423,2023-04-10,Produto W48,Jardim,64.47,5,322.35,Isadora Cunha,"Andrade de da Luz, BA"
424,2023-06-23,Produto V47,Livros,240.47,4,961.88,Nicolas Vieira,"Macedo de Aparecida, SE"
425,2024-06-12,Produto H7,Roupas,227.33,3,681.99,Ayla Araújo,"Machado Paulista, ES"
426,2024-06-07,Produto M12,Saúde e Beleza,258.96,3,776.88,Gabriel Cavalcante,"Cassiano, SP"
427,2024-10-03,Produto J9,Ferramentas,332.38,5,1661.9,Guilherme Cavalcanti,"Lima, AM"
428,2023-07-08,Produto I34,Ferramentas,10.74,4,42.96,Ian Carvalho,"Nascimento, ES"
429,2024-09-17,Produto N39,Roupas,162.43,4,649.72,João Vitor Rezende,"Sá, PR"
430,2024-05-31,Produto L11,Ferramentas,292.94,4,1171.76,Sra. Manuella Novaes,"Azevedo do Oeste, SP"
431,2024-08-09,Produto D3,Roupas,391.97,1,391.97,Agatha Gonçalves,"Gomes do Amparo, BA"
432,2024-03-07,Produto H7,Roupas,227.33,3,681.99,Luiz Miguel Nogueira,"Costela, SC"
433,2023-02-04,Produto I8,Jardim,452.61,2,905.22,Yuri Rios,"Machado, RN"
434,2023-03-23,Produto T19,Esportes,476.77,3,1430.31,Giovanna Vasconcelos,"Rocha, GO"
435,2024-01-09,Produto F31,Automotivo,447.94,4,1791.76,Felipe Martins,"da Costa, PA"
436,2023-06-05,Produto I8,Jardim,452.61,3,1357.83,Dra. Alice Aparecida,"Fernandes, TO"
437,2024-07-01,Produto H7,Roupas,227.33,1,227.33,Ayla Pinto,"Sales do Galho, TO"
438,2023-12-20,Produto G6,Casa e Cozinha,43.83,3,131.49,Sr. João Felipe Pimenta,"Guerra de Pimenta, CE"
439,2023-06-11,Produto R43,Esportes,291.26,4,1165.04,Maria Julia Cunha,"Ramos Paulista, AP"
440,2024-08-24,Produto B27,Automotivo,156.79,3,470.37,Eduardo Casa Grande,"Pinto, TO"
441,2023-08-08,Produto V47,Livros,240.47,4,961.88,Lunna Pastor,"Montenegro, GO"
442,2024-11-02,Produto K36,Casa e Cozinha,369.68,4,1478.72,Sra. Manuella Novaes,"Azevedo do Oeste, SP"
443,2024-08-26,Produto U46,Casa e Cozinha,291.68,4,1166.72,Vitor Hugo Rezende,"Ramos, MA"
444,2024-07-09,Produto W22,Automotivo,252.0,5,1260.0,Sr. Vitor Jesus,"Sá de Souza, MA"
445,2023-05-08,Produto J9,Ferramentas,332.38,1,332.38,Manuella Pereira,"da Rosa, RN"
446,2024-06-21,Produto U46,Casa e Cozinha,291.68,3,875.04,Dr. Luiz Felipe Nunes,"Alves, PB"
447,2024-05-10,Produto T45,Jardim,68.25,4,273.0,Esther Câmara,"Monteiro, MS"
448,2023-04-05,Produto K36,Casa e Cozinha,369.68,2,739.36,Gustavo Henrique Aparecida,"da Cunha, CE"
449,2023-06-11,Produto W22,Automotivo,252.0,5,1260.0,Ian Cavalcante,"Albuquerque Alegre, ES"
450,2024-07-09,Produto G32,Esportes,445.64,4,1782.56,Emanuelly Melo,"da Rosa de Minas, PE"
451,2023-09-15,Produto X49,Ferramentas,218.49,3,655.47,Beatriz Casa Grande,"Fonseca de Câmara, PE"
452,2023-06-20,Produto L11,Ferramentas,292.94,3,878.82,Gustavo Macedo,"Sampaio de Costa, AM"
453,2023-07-18,Produto F31,Automotivo,447.94,4,1791.76,Lucas da Mota,"Sampaio do Norte, TO"
454,2023-04-16,Produto F31,Automotivo,447.94,2,895.88,Kevin Garcia,"Marques, MG"
455,2023-04-04,Produto P15,Saúde e Beleza,369.3,1,369.3,Isaque Camargo,"Almeida, RR"
456,2024-08-24,Produto T19,Esportes,476.77,3,1430.31,Dr. Bruno Albuquerque,"Barros de Souza, PA"
457,2024-04-02,Produto F31,Automotivo,447.94,3,1343.82,Lunna Pastor,"Montenegro, GO"
458,2023-04-22,Produto F5,Livros,294.83,4,1179.32,Dr. Nicolas Sampaio,"Moura de Fonseca, MA"
459,2023-02-17,Produto U20,Esportes,43.8,4,175.2,Dr. Leonardo Aragão,"Machado, RN"
460,2024-07-31,Produto I34,Ferramentas,10.74,2,21.48,Dr. Luiz Felipe Nunes,"Alves, PB"
461,2024-02-09,Produto K10,Eletrônicos,478.73,5,2393.65,Brayan Farias,"Almeida dos Dourados, MS"
462,2024-12-02,Produto L11,Ferramentas,292.94,3,878.82,Yuri Rios,"Machado, RN"
463,2024-05-28,Produto L11,Ferramentas,292.94,3,878.82,Sr. Luiz Felipe Andrade,"Pastor das Flores, AP"
464,2024-10-26,Produto O14,Automotivo,385.65,5,1928.25,Beatriz Viana,"Alves, DF"
465,2024-09-18,Produto V47,Livros,240.47,3,721.41,Maria Liz Almeida,"Câmara do Amparo, MA"
466,2024-02-23,Produto S18,Livros,406.96,3,1220.88,Luiz Miguel Nogueira,"Costela, SC"
467,2024-04-08,Produto Z25,Ferramentas,226.61,1,226.61,Bárbara da Rosa,"Guerra, TO"
468,2024-02-14,Produto U20,Esportes,43.8,5,219.0,Rebeca Pastor,"Novaes de Alves, MA"
469,2023-04-28,Produto U20,Esportes,43.8,5,219.0,Noah Lima,"Vieira das Flores, SP"
470,2023-12-14,Produto Q42,Livros,219.66,1,219.66,Maria Julia Novais,"Barbosa, PB"
471,2024-03-12,Produto G6,Casa e Cozinha,43.83,5,219.15,Heloísa Gomes,"Jesus dos Dourados, AL"
472,2023-09-29,Produto B27,Automotivo,156.79,2,313.58,Ayla Araújo,"Machado Paulista, ES"
473,2024-01-18,Produto J35,Casa e Cozinha,467.25,5,2336.25,Sabrina Sá,"Siqueira Verde, PB"
474,2023-03-23,Produto C2,Saúde e Beleza,308.94,5,1544.7,Agatha Gonçalves,"Gomes do Amparo, BA"
475,2024-08-22,Produto X49,Ferramentas,218.49,5,1092.45,Marcos Vinicius Casa Grande,"Macedo da Serra, MA"
476,2023-08-03,Produto I8,Jardim,452.61,2,905.22,Isabelly Porto,"Montenegro da Praia, AM"
477,2024-06-30,Produto U20,Esportes,43.8,3,131.4,Sarah das Neves,"Peixoto do Campo, PI"
478,2023-03-07,Produto D3,Roupas,391.97,5,1959.85,Maria Julia Cunha,"Ramos Paulista, AP"
479,2024-11-02,Produto V21,Roupas,399.92,5,1999.6,Emilly Costela,"Campos de Fonseca, TO"
480,2024-01-08,Produto L37,Automotivo,443.18,3,1329.54,Bárbara da Rosa,"Guerra, TO"
481,2024-12-14,Produto F31,Automotivo,447.94,3,1343.82,Dr. Leonardo Aragão,"Machado, RN"
482,2023-04-23,Produto S44,Jardim,380.45,5,1902.25,Ryan Gonçalves,"da Costa Verde, RR"
483,2024-12-06,Produto Q42,Livros,219.66,2,439.32,Dr. Cauã Peixoto,"Lima Alegre, RR"
484,2023-04-19,Produto T45,Jardim,68.25,5,341.25,Sra. Raquel Silveira,"Casa Grande, ES"
485,2023-10-26,Produto P41,Esportes,190.67,5,953.35,Dra. Ana Clara Araújo,"Dias, PB"
486,2023-12-05,Produto W22,Automotivo,252.0,5,1260.0,Isadora Cunha,"Andrade de da Luz, BA"
487,2024-02-15,Produto E30,Roupas,164.86,3,494.58,Lavínia Silveira,"Pimenta, PI"
488,2023-05-15,Produto N39,Roupas,162.43,2,324.86,Luiz Felipe Pereira,"Sousa, PE"
489,2024-09-28,Produto A26,Saúde e Beleza,202.57,1,202.57,Maria Júlia Ferreira,"Nascimento das Flores, PA"
490,2023-01-17,Produto J9,Ferramentas,332.38,2,664.76,Rafaela Nunes,"Martins Alegre, BA"
491,2024-06-11,Produto Q16,Casa e Cozinha,124.63,1,124.63,Sra. Maria Julia Moraes,"Fogaça do Sul, RS"
492,2023-08-23,Produto F5,Livros,294.83,1,294.83,Lucas da Mota,"Sampaio do Norte, TO"
493,2023-12-02,Produto N13,Roupas,467.82,4,1871.28,Vicente Rocha,"Costela, RS"
494,2023-01-19,Produto F31,Automotivo,447.94,4,1791.76,Lunna Souza,"Guerra de da Conceição, AC"
495,2024-05-08,Produto R43,Esportes,291.26,5,1456.3,Davi Barbosa,"Marques, AP"
496,2023-05-31,Produto M38,Eletrônicos,240.66,4,962.64,Dr. Vicente Sales,"Rocha do Sul, PR"
497,2023-12-06,Produto S18,Livros,406.96,5,2034.8,Isadora Almeida,"Montenegro, RR"
498,2023-07-09,Produto S44,Jardim,380.45,4,1521.8,Beatriz Viana,"Alves, DF"
499,2024-12-25,Produto Y24,Esportes,237.93,2,475.86,Carolina Rocha,"Novais, SC"
500,2023-10-12,Produto L37,Automotivo,443.18,4,1772.72,Luana Pastor,"Pinto do Norte, RS"
501,2024-12-13,Produto D29,Brinquedos,131.27,2,262.54,Sr. João Felipe Pimenta,"Guerra de Pimenta, CE"
502,2023-11-24,Produto D3,Roupas,391.97,4,1567.88,Maria Liz Almeida,"Câmara do Amparo, MA"
503,2023-03-13,Produto X49,Ferramentas,218.49,2,436.98,Yago Garcia,"Casa Grande da Serra, CE"
504,2023-07-21,Produto N39,Roupas,162.43,5,812.15,Yuri Pereira,"Cassiano de Minas, SE"
505,2023-08-11,Produto E30,Roupas,164.86,1,164.86,Dom Porto,"Moura, BA"
506,2024-01-22,Produto T45,Jardim,68.25,3,204.75,Yasmin Costa,"Rezende Verde, SP"
507,2023-09-08,Produto I34,Ferramentas,10.74,4,42.96,Maria Cecília da Paz,"Peixoto do Sul, AL"
508,2023-07-17,Produto W48,Jardim,64.47,3,193.41,Sra. Manuella Novaes,"Azevedo do Oeste, SP"
509,2023-07-08,Produto M38,Eletrônicos,240.66,5,1203.3,Sra. Daniela Brito,"Siqueira, AM"
510,2023-02-06,Produto Z25,Ferramentas,226.61,4,906.44,Guilherme Cavalcanti,"Lima, AM"
511,2024-03-08,Produto C28,Ferramentas,377.33,5,1886.65,Otto Castro,"Alves, BA"
512,2024-04-03,Produto J9,Ferramentas,332.38,1,332.38,Yuri da Mata,"da Rosa, RN"
513,2024-06-19,Produto S18,Livros,406.96,1,406.96,Lunna Souza,"Guerra de da Conceição, AC"
514,2024-12-28,Produto Q16,Casa e Cozinha,124.63,3,373.89,Samuel Aparecida,"Cirino, PR"
515,2023-10-07,Produto F31,Automotivo,447.94,2,895.88,Maria Júlia Ferreira,"Nascimento das Flores, PA"
516,2024-06-12,Produto X49,Ferramentas,218.49,2,436.98,Dr. Ravi Souza,"Mendes da Serra, PE"
517,2023-07-16,Produto B27,Automotivo,156.79,4,627.16,Marcos Vinicius Casa Grande,"Macedo da Serra, MA"
518,2023-08-22,Produto H7,Roupas,227.33,1,227.33,Luiz Miguel Nogueira,"Costela, SC"
519,2024-02-05,Produto V47,Livros,240.47,3,721.41,Joaquim Brito,"Vargas, PB"
520,2024-04-11,Produto Y50,Eletrônicos,490.07,1,490.07,Yuri Rios,"Machado, RN"
521,2024-08-10,Produto K10,Eletrônicos,478.73,1,478.73,Sra. Mirella da Cunha,"Albuquerque de Carvalho, GO"
522,2024-01-26,Produto I8,Jardim,452.61,1,452.61,Luigi Moreira,"da Costa dos Dourados, BA"
523,2023-06-23,Produto V21,Roupas,399.92,2,799.84,Dom Porto,"Moura, BA"
524,2024-11-02,Produto O40,Saúde e Beleza,174.98,4,699.92,Dr. Bruno Albuquerque,"Barros de Souza, PA"
525,2023-05-07,Produto B1,Livros,168.01,1,168.01,João Vitor Nascimento,"Castro do Campo, DF"
526,2023-12-08,Produto L11,Ferramentas,292.94,5,1464.7,Gustavo Macedo,"Sampaio de Costa, AM"
527,2024-12-13,Produto E4,Saúde e Beleza,239.86,5,1199.3,Isaac Pinto,"Barros dos Dourados, BA"
528,2024-03-07,Produto B27,Automotivo,156.79,5,783.95,Esther Vieira,"Moreira, MS"
529,2024-08-01,Produto F31,Automotivo,447.94,3,1343.82,Lucas da Mota,"Sampaio do Norte, TO"
530,2024-05-15,Produto J35,Casa e Cozinha,467.25,5,2336.25,João Lucas Rios,"Abreu, AP"
531,2023-01-30,Produto R43,Esportes,291.26,2,582.52,Ayla da Cruz,"Leão do Oeste, PA"
532,2024-01-11,Produto V47,Livros,240.47,3,721.41,Isabel Marques,"Pacheco da Serra, PE"
533,2023-09-09,Produto J9,Ferramentas,332.38,3,997.14,Ana Ramos,"Sampaio do Galho, RR"
534,2024-02-16,Produto U20,Esportes,43.8,4,175.2,Isis Montenegro,"Cunha, PA"
535,2023-03-12,Produto O14,Automotivo,385.65,2,771.3,Maria Julia Cunha,"Ramos Paulista, AP"
536,2023-12-06,Produto X49,Ferramentas,218.49,4,873.96,Sr. Vitor Jesus,"Sá de Souza, MA"
537,2024-01-19,Produto T19,Esportes,476.77,1,476.77,Maria Clara Andrade,"Rocha, SE"
538,2023-12-23,Produto L37,Automotivo,443.18,3,1329.54,Dra. Ana Clara Araújo,"Dias, PB"
539,2024-07-22,Produto K10,Eletrônicos,478.73,2,957.46,Ayla Araújo,"Machado Paulista, ES"
540,2023-06-06,Produto O14,Automotivo,385.65,2,771.3,Marcela Pinto,"Nascimento do Oeste, RS"
541,2024-12-16,Produto S44,Jardim,380.45,2,760.9,Srta. Isabel Sá,"Barbosa, SP"
542,2023-05-13,Produto M12,Saúde e Beleza,258.96,3,776.88,Emanuelly Melo,"da Rosa de Minas, PE"
543,2023-05-20,Produto G32,Esportes,445.64,5,2228.2,Brayan Farias,"Almeida dos Dourados, MS"
544,2024-10-27,Produto Y50,Eletrônicos,490.07,4,1960.28,Lívia Silveira,"Vasconcelos de da Costa, MG"
545,2023-07-21,Produto L37,Automotivo,443.18,5,2215.9,Isabel Marques,"Pacheco da Serra, PE"
546,2024-11-02,Produto Z25,Ferramentas,226.61,5,1133.05,Zoe Araújo,"Casa Grande, SE"
547,2024-10-06,Produto Y50,Eletrônicos,490.07,4,1960.28,Sra. Manuella Novaes,"Azevedo do Oeste, SP"
548,2024-10-30,Produto M38,Eletrônicos,240.66,2,481.32,Srta. Kamilly Moraes,"Vargas do Norte, PB"
549,2023-04-08,Produto G32,Esportes,445.64,5,2228.2,Dra. Alice Aparecida,"Fernandes, TO"
550,2024-06-12,Produto T19,Esportes,476.77,2,953.54,Isadora Cunha,"Andrade de da Luz, BA"
551,2024-04-12,Produto I8,Jardim,452.61,4,1810.44,Isadora Almeida,"Montenegro, RR"
552,2023-01-16,Produto M38,Eletrônicos,240.66,1,240.66,Gustavo Henrique Aparecida,"da Cunha, CE"
553,2023-04-26,Produto W22,Automotivo,252.0,1,252.0,Otto Castro,"Alves, BA"
554,2023-02-13,Produto W22,Automotivo,252.0,2,504.0,Emanuel Moura,"Martins, MS"
555,2024-11-30,Produto W48,Jardim,64.47,5,322.35,Eloah Costa,"Pires, RN"
556,2023-11-07,Produto K10,Eletrônicos,478.73,5,2393.65,Davi Lucas Ferreira,"Mendes, SE"
557,2024-09-20,Produto Y24,Esportes,237.93,3,713.79,Aurora Garcia,"Moraes, RJ"
558,2024-08-16,Produto H7,Roupas,227.33,3,681.99,Dr. Luiz Miguel Garcia,"Cunha, RN"
559,2023-06-25,Produto K10,Eletrônicos,478.73,1,478.73,Davi Luiz Andrade,"Pastor, PB"
560,2024-11-01,Produto Z25,Ferramentas,226.61,3,679.83,Sra. Valentina Porto,"Souza, SP"
561,2023-09-10,Produto O14,Automotivo,385.65,5,1928.25,Isadora Cunha,"Andrade de da Luz, BA"
562,2023-11-01,Produto K36,Casa e Cozinha,369.68,5,1848.4,Lucas da Mota,"Sampaio do Norte, TO"
563,2023-12-16,Produto X49,Ferramentas,218.49,5,1092.45,Aurora Barbosa,"da Rosa do Oeste, PB"
564,2023-07-02,Produto S44,Jardim,380.45,4,1521.8,Sr. Pedro Henrique Andrade,"Gonçalves, CE"
565,2024-12-15,Produto P41,Esportes,190.67,5,953.35,Maria da Mata,"Monteiro, PE"
566,2023-01-15,Produto K10,Eletrônicos,478.73,1,478.73,Lucas Gabriel da Costa,"Andrade do Campo, MS"
567,2024-04-01,Produto G32,Esportes,445.64,1,445.64,Elisa Fernandes,"Oliveira de Goiás, PI"
568,2024-02-28,Produto I34,Ferramentas,10.74,4,42.96,Manuella Pereira,"da Rosa, RN"
569,2024-06-04,Produto K36,Casa e Cozinha,369.68,3,1109.04,Caroline Silveira,"Aragão da Serra, ES"
570,2024-02-28,Produto P41,Esportes,190.67,1,190.67,Isaque Pimenta,"Cunha Alegre, AP"
571,2024-11-21,Produto T19,Esportes,476.77,4,1907.08,João Lucas Cavalcante,"Cassiano de Casa Grande, RR"
572,2023-10-09,Produto B27,Automotivo,156.79,2,313.58,Samuel Martins,"Macedo, MS"
573,2023-05-12,Produto L11,Ferramentas,292.94,2,585.88,Lavínia Silveira,"Pimenta, PI"
574,2023-10-28,Produto Q42,Livros,219.66,5,1098.3,Raul Peixoto,"Marques, RJ"
575,2023-12-21,Produto T45,Jardim,68.25,3,204.75,Cauã da Mata,"Porto, TO"
576,2024-09-18,Produto D29,Brinquedos,131.27,3,393.81,Rebeca Pastor,"Novaes de Alves, MA"
577,2024-12-13,Produto R17,Roupas,22.09,4,88.36,Emanuel Moura,"Martins, MS"
578,2023-09-17,Produto H33,Saúde e Beleza,138.18,3,414.54,João Pedro Gonçalves,"Alves da Serra, MT"
579,2024-03-10,Produto Y50,Eletrônicos,490.07,3,1470.21,Ian Carvalho,"Nascimento, ES"
580,2024-05-12,Produto K10,Eletrônicos,478.73,5,2393.65,Kamilly Fonseca,"Azevedo, GO"
581,2024-09-26,Produto O14,Automotivo,385.65,2,771.3,Rhavi Oliveira,"Gonçalves da Prata, PE"
582,2023-02-21,Produto W22,Automotivo,252.0,5,1260.0,Yan Nogueira,"Freitas das Flores, RJ"
583,2024-11-11,Produto Y50,Eletrônicos,490.07,1,490.07,Sra. Maria Julia Moraes,"Fogaça do Sul, RS"
584,2024-11-26,Produto O14,Automotivo,385.65,5,1928.25,Noah Lima,"Vieira das Flores, SP"
585,2024-04-04,Produto L11,Ferramentas,292.94,1,292.94,Yuri Rios,"Machado, RN"
586,2023-05-17,Produto X49,Ferramentas,218.49,4,873.96,Ayla Pinto,"Sales do Galho, TO"
587,2023-09-03,Produto L37,Automotivo,443.18,2,886.36,Rafaela Nunes,"Martins Alegre, BA"
588,2024-06-11,Produto C28,Ferramentas,377.33,3,1131.99,Miguel Barbosa,"Rezende de Guerra, MS"
589,2024-01-26,Produto K10,Eletrônicos,478.73,1,478.73,Lorena Barros,"Caldeira da Prata, RR"
590,2023-08-11,Produto H7,Roupas,227.33,2,454.66,Gustavo Henrique Aparecida,"da Cunha, CE"
591,2023-08-15,Produto B1,Livros,168.01,1,168.01,Luana Pastor,"Pinto do Norte, RS"
592,2023-05-30,Produto O14,Automotivo,385.65,4,1542.6,Dr. Ravi Souza,"Mendes da Serra, PE"
593,2023-12-18,Produto U20,Esportes,43.8,1,43.8,Yuri da Mata,"da Rosa, RN"
594,2023-07-14,Produto D29,Brinquedos,131.27,5,656.35,Yago Garcia,"Casa Grande da Serra, CE"
595,2023-11-18,Produto Q16,Casa e Cozinha,124.63,3,373.89,Luiz Miguel Nogueira,"Costela, SC"
596,2023-07-01,Produto N13,Roupas,467.82,4,1871.28,Miguel Barbosa,"Rezende de Guerra, MS"
597,2023-06-30,Produto Q42,Livros,219.66,4,878.64,Srta. Kamilly Moraes,"Vargas do Norte, PB"
598,2023-12-22,Produto A26,Saúde e Beleza,202.57,5,1012.85,Isaque Camargo,"Almeida, RR"
599,2024-10-30,Produto R43,Esportes,291.26,1,291.26,Dra. Maria Laura Lopes,"da Rosa, AM"
600,2023-08-24,Produto X49,Ferramentas,218.49,3,655.47,Isaque Pimenta,"Cunha Alegre, AP"
601,2024-04-26,Produto T19,Esportes,476.77,5,2383.85,Sra. Rafaela da Rosa,"Fernandes Alegre, MT"
602,2024-08-11,Produto S44,Jardim,380.45,1,380.45,Bruna Gomes,"Ribeiro Paulista, RS"
603,2023-02-27,Produto M12,Saúde e Beleza,258.96,4,1035.84,Maria Julia Novais,"Barbosa, PB"
604,2023-06-20,Produto K10,Eletrônicos,478.73,2,957.46,Lívia Silveira,"Vasconcelos de da Costa, MG"
605,2024-11-26,Produto R17,Roupas,22.09,1,22.09,Maria Júlia Ferreira,"Nascimento das Flores, PA"
606,2023-01-08,Produto D3,Roupas,391.97,5,1959.85,Dra. Amanda Brito,"Machado, TO"
607,2024-11-17,Produto N13,Roupas,467.82,1,467.82,Ayla da Cruz,"Leão do Oeste, PA"
608,2023-07-02,Produto L37,Automotivo,443.18,2,886.36,Otávio Melo,"Cassiano de Alves, CE"
609,2024-06-22,Produto T19,Esportes,476.77,2,953.54,Lorena Barros,"Caldeira da Prata, RR"
610,2023-09-16,Produto Q42,Livros,219.66,1,219.66,Ryan Andrade,"Novais, RS"
611,2024-07-18,Produto R43,Esportes,291.26,3,873.78,Ryan Garcia,"Silveira do Campo, AM"
612,2023-12-03,Produto S18,Livros,406.96,2,813.92,Sra. Maria Julia Moraes,"Fogaça do Sul, RS"
613,2024-12-07,Produto V47,Livros,240.47,4,961.88,João Lucas Cavalcante,"Cassiano de Casa Grande, RR"
614,2023-08-11,Produto J35,Casa e Cozinha,467.25,1,467.25,Sra. Valentina Porto,"Souza, SP"
615,2023-12-11,Produto U46,Casa e Cozinha,291.68,1,291.68,Maria Liz Camargo,"Sousa, GO"
616,2024-01-21,Produto G6,Casa e Cozinha,43.83,4,175.32,Nicolas Vieira,"Macedo de Aparecida, SE"
617,2024-06-13,Produto A26,Saúde e Beleza,202.57,2,405.14,Dr. Bruno Albuquerque,"Barros de Souza, PA"
618,2024-06-04,Produto X23,Livros,260.48,2,520.96,Erick da Cunha,"Oliveira Verde, SC"
619,2024-09-22,Produto T19,Esportes,476.77,2,953.54,Asafe Macedo,"Costela do Amparo, RR"
620,2024-06-10,Produto O14,Automotivo,385.65,3,1156.95,Dra. Maria Laura Lopes,"da Rosa, AM"
621,2023-06-08,Produto W22,Automotivo,252.0,2,504.0,Bárbara da Rosa,"Guerra, TO"
622,2024-05-14,Produto J9,Ferramentas,332.38,4,1329.52,Gabriel Cirino,"Azevedo do Norte, AM"
623,2023-10-11,Produto P41,Esportes,190.67,1,190.67,Ana Ramos,"Sampaio do Galho, RR"
624,2023-06-22,Produto J35,Casa e Cozinha,467.25,5,2336.25,Dra. Amanda Brito,"Machado, TO"
625,2023-03-08,Produto U46,Casa e Cozinha,291.68,1,291.68,Bruna Gomes,"Ribeiro Paulista, RS"
626,2024-08-29,Produto W48,Jardim,64.47,1,64.47,Anthony Rocha,"Leão, PA"
627,2023-10-12,Produto Q16,Casa e Cozinha,124.63,2,249.26,Dr. Luiz Felipe Nunes,"Alves, PB"
628,2024-02-22,Produto T19,Esportes,476.77,2,953.54,Valentina Fernandes,"Camargo, TO"
629,2024-07-21,Produto T45,Jardim,68.25,2,136.5,Eloah Costa,"Pires, RN"
630,2024-07-12,Produto R43,Esportes,291.26,5,1456.3,Luiz Miguel Nogueira,"Costela, SC"
631,2024-10-23,Produto Q16,Casa e Cozinha,124.63,4,498.52,Henrique Ferreira,"da Rocha do Norte, MT"
632,2024-04-08,Produto L11,Ferramentas,292.94,2,585.88,João Lucas Cavalcante,"Cassiano de Casa Grande, RR"
633,2023-11-03,Produto N39,Roupas,162.43,1,162.43,Aurora Garcia,"Moraes, RJ"
634,2024-12-12,Produto T19,Esportes,476.77,3,1430.31,Benicio Nunes,"Azevedo, PB"
635,2023-09-29,Produto D29,Brinquedos,131.27,2,262.54,Sra. Daniela Brito,"Siqueira, AM"
636,2023-08-06,Produto D29,Brinquedos,131.27,1,131.27,Sr. Marcelo Jesus,"Barros, SC"
637,2023-12-17,Produto I34,Ferramentas,10.74,2,21.48,Fernanda Machado,"Dias de Goiás, MG"
638,2023-09-05,Produto R17,Roupas,22.09,3,66.27,Lorena Barros,"Caldeira da Prata, RR"
639,2023-02-09,Produto O40,Saúde e Beleza,174.98,4,699.92,Eloah Costa,"Pires, RN"
640,2024-09-29,Produto L37,Automotivo,443.18,3,1329.54,Maria Liz Camargo,"Sousa, GO"
641,2023-11-05,Produto D29,Brinquedos,131.27,4,525.08,Sabrina Sá,"Siqueira Verde, PB"
642,2024-03-08,Produto T19,Esportes,476.77,2,953.54,Ester da Mota,"Moraes, SE"
643,2024-02-14,Produto N39,Roupas,162.43,5,812.15,Yago Garcia,"Casa Grande da Serra, CE"
644,2023-08-19,Produto M12,Saúde e Beleza,258.96,4,1035.84,Noah Lima,"Vieira das Flores, SP"
645,2023-07-21,Produto X49,Ferramentas,218.49,1,218.49,Asafe Macedo,"Costela do Amparo, RR"
646,2023-05-30,Produto H33,Saúde e Beleza,138.18,4,552.72,Joaquim Brito,"Vargas, PB"
647,2024-06-29,Produto I34,Ferramentas,10.74,1,10.74,Ester da Mota,"Moraes, SE"
648,2024-05-07,Produto M12,Saúde e Beleza,258.96,2,517.92,Giovanna Vasconcelos,"Rocha, GO"
649,2023-06-07,Produto P41,Esportes,190.67,1,190.67,Isadora Almeida,"Montenegro, RR"
650,2023-06-13,Produto F31,Automotivo,447.94,3,1343.82,Yuri Rios,"Machado, RN"
651,2023-08-02,Produto J9,Ferramentas,332.38,4,1329.52,Luana Pastor,"Pinto do Norte, RS"
652,2024-11-07,Produto G32,Esportes,445.64,5,2228.2,Sra. Valentina Porto,"Souza, SP"
653,2023-08-20,Produto O14,Automotivo,385.65,4,1542.6,Heloísa Gomes,"Jesus dos Dourados, AL"
654,2023-01-03,Produto Q42,Livros,219.66,5,1098.3,João Lucas Cavalcante,"Cassiano de Casa Grande, RR"
655,2024-05-14,Produto M12,Saúde e Beleza,258.96,4,1035.84,Yago Garcia,"Casa Grande da Serra, CE"
656,2024-09-05,Produto N13,Roupas,467.82,4,1871.28,Luan Campos,"da Luz da Serra, MA"
657,2023-10-04,Produto U20,Esportes,43.8,4,175.2,Esther Câmara,"Monteiro, MS"
658,2023-10-16,Produto D3,Roupas,391.97,2,783.94,Caroline Silveira,"Aragão da Serra, ES"
659,2024-01-09,Produto G6,Casa e Cozinha,43.83,5,219.15,Isis Montenegro,"Cunha, PA"
660,2023-03-29,Produto F5,Livros,294.83,4,1179.32,Lorena Barros,"Caldeira da Prata, RR"
661,2023-12-16,Produto V47,Livros,240.47,1,240.47,Dr. Leonardo Aragão,"Machado, RN"
662,2024-06-12,Produto Y24,Esportes,237.93,3,713.79,Dra. Alice Aparecida,"Fernandes, TO"
663,2023-10-31,Produto Q42,Livros,219.66,5,1098.3,Isaque Pimenta,"Cunha Alegre, AP"
664,2023-04-09,Produto L37,Automotivo,443.18,2,886.36,Kevin Garcia,"Marques, MG"
665,2023-11-12,Produto S18,Livros,406.96,5,2034.8,Asafe Macedo,"Costela do Amparo, RR"
666,2023-07-21,Produto E4,Saúde e Beleza,239.86,3,719.58,Lunna Pastor,"Montenegro, GO"
667,2024-01-14,Produto I34,Ferramentas,10.74,5,53.7,Lavínia Silveira,"Pimenta, PI"
668,2023-11-06,Produto B27,Automotivo,156.79,1,156.79,Luiz Miguel Nogueira,"Costela, SC"
669,2024-08-01,Produto W48,Jardim,64.47,4,257.88,Dr. Vicente Sales,"Rocha do Sul, PR"
670,2023-12-20,Produto H7,Roupas,227.33,2,454.66,Brayan Farias,"Almeida dos Dourados, MS"
671,2023-07-12,Produto N39,Roupas,162.43,5,812.15,Yan Rezende,"Carvalho de Vieira, BA"
672,2023-06-22,Produto X23,Livros,260.48,2,520.96,Hellena Novais,"Barbosa Paulista, PB"
673,2024-05-03,Produto F5,Livros,294.83,2,589.66,Gabriel da Rosa,"Teixeira Grande, DF"
674,2023-06-09,Produto H7,Roupas,227.33,5,1136.65,João Lucas Cavalcante,"Cassiano de Casa Grande, RR"
675,2023-06-21,Produto J9,Ferramentas,332.38,4,1329.52,Ester da Mota,"Moraes, SE"
676,2023-11-13,Produto I8,Jardim,452.61,4,1810.44,Maria da Mata,"Monteiro, PE"
677,2024-08-15,Produto R43,Esportes,291.26,1,291.26,Enrico da Cunha,"Aragão, MT"
678,2024-05-21,Produto V21,Roupas,399.92,1,399.92,Maria Julia Cunha,"Ramos Paulista, AP"
679,2024-07-11,Produto D29,Brinquedos,131.27,5,656.35,Dr. Luiz Miguel Garcia,"Cunha, RN"
680,2023-09-11,Produto H33,Saúde e Beleza,138.18,3,414.54,Sr. Valentim Duarte,"Cassiano de Nascimento, AL"
681,2024-03-30,Produto Q42,Livros,219.66,4,878.64,Yan Nogueira,"Freitas das Flores, RJ"
682,2023-04-10,Produto H33,Saúde e Beleza,138.18,3,414.54,Rhavi Oliveira,"Gonçalves da Prata, PE"
683,2023-04-09,Produto V47,Livros,240.47,4,961.88,Enzo Gabriel Dias,"da Cruz, RN"
684,2023-06-16,Produto F5,Livros,294.83,2,589.66,Isaac Pinto,"Barros dos Dourados, BA"
685,2023-04-05,Produto N13,Roupas,467.82,4,1871.28,Ryan Garcia,"Silveira do Campo, AM"
686,2024-01-22,Produto W48,Jardim,64.47,5,322.35,Emanuella Rios,"da Costa, SC"
687,2023-07-15,Produto R43,Esportes,291.26,5,1456.3,Gustavo Henrique Aparecida,"da Cunha, CE"
688,2023-04-09,Produto S44,Jardim,380.45,4,1521.8,Guilherme Abreu,"da Rosa Verde, PI"
689,2024-07-06,Produto F5,Livros,294.83,5,1474.15,Sr. Henrique Pereira,"Oliveira, PR"
690,2023-06-22,Produto L37,Automotivo,443.18,3,1329.54,Ayla Araújo,"Machado Paulista, ES"
691,2024-09-30,Produto G6,Casa e Cozinha,43.83,3,131.49,Henrique Ferreira,"da Rocha do Norte, MT"
692,2023-06-03,Produto Z25,Ferramentas,226.61,2,453.22,Pedro Miguel Moura,"Martins, MT"
693,2024-04-07,Produto O40,Saúde e Beleza,174.98,3,524.94,Dr. Nicolas Sampaio,"Moura de Fonseca, MA"
694,2024-10-10,Produto Y50,Eletrônicos,490.07,4,1960.28,Enrico da Cunha,"Aragão, MT"
695,2024-04-09,Produto B27,Automotivo,156.79,5,783.95,Diogo Cirino,"Fernandes dos Dourados, RJ"
696,2024-02-13,Produto E4,Saúde e Beleza,239.86,4,959.44,Maria Cecília da Paz,"Peixoto do Sul, AL"
697,2024-08-24,Produto K36,Casa e Cozinha,369.68,5,1848.4,Guilherme Abreu,"da Rosa Verde, PI"
698,2023-09-15,Produto O40,Saúde e Beleza,174.98,1,174.98,Henrique Ferreira,"da Rocha do Norte, MT"
699,2023-09-07,Produto L37,Automotivo,443.18,4,1772.72,Isabelly Porto,"Montenegro da Praia, AM"
700,2023-12-07,Produto I8,Jardim,452.61,2,905.22,Ryan Gonçalves,"da Costa Verde, RR"
701,2023-03-17,Produto U20,Esportes,43.8,2,87.6,Samuel Aparecida,"Cirino, PR"
702,2023-10-24,Produto B27,Automotivo,156.79,2,313.58,Ana Ramos,"Sampaio do Galho, RR"
703,2024-03-10,Produto I8,Jardim,452.61,5,2263.05,Dom Porto,"Moura, BA"
704,2024-06-26,Produto Y50,Eletrônicos,490.07,2,980.14,Davi Luiz Andrade,"Pastor, PB"
705,2023-01-28,Produto Y50,Eletrônicos,490.07,4,1960.28,Rebeca Pastor,"Novaes de Alves, MA"
706,2024-06-26,Produto B1,Livros,168.01,4,672.04,Sr. Vitor Jesus,"Sá de Souza, MA"
707,2024-09-27,Produto N39,Roupas,162.43,4,649.72,Isaac Pinto,"Barros dos Dourados, BA"
708,2023-04-19,Produto V47,Livros,240.47,4,961.88,Emanuel Moura,"Martins, MS"
709,2024-04-27,Produto R17,Roupas,22.09,1,22.09,Samuel Aparecida,"Cirino, PR"
710,2023-10-11,Produto L11,Ferramentas,292.94,1,292.94,Yasmin Costa,"Rezende Verde, SP"
711,2023-04-08,Produto O40,Saúde e Beleza,174.98,2,349.96,Isis Montenegro,"Cunha, PA"
712,2023-11-08,Produto X23,Livros,260.48,4,1041.92,Lunna Souza,"Guerra de da Conceição, AC"
713,2023-06-13,Produto S44,Jardim,380.45,2,760.9,Sara Novais,"Garcia, PE"
714,2024-03-22,Produto G6,Casa e Cozinha,43.83,4,175.32,Hellena Novais,"Barbosa Paulista, PB"
715,2024-09-06,Produto A26,Saúde e Beleza,202.57,1,202.57,Sra. Valentina Porto,"Souza, SP"
716,2023-12-26,Produto X23,Livros,260.48,4,1041.92,Dr. Luan Camargo,"Cirino, AM"
717,2024-08-30,Produto W48,Jardim,64.47,4,257.88,Bárbara da Rosa,"Guerra, TO"
718,2023-11-22,Produto T19,Esportes,476.77,1,476.77,Manuella Leão,"Cavalcante de Melo, PB"
719,2023-03-26,Produto V47,Livros,240.47,3,721.41,Ravy Rezende,"Nogueira, RS"
720,2024-04-29,Produto L11,Ferramentas,292.94,3,878.82,Heloísa Rios,"Araújo, PA"
721,2023-08-13,Produto P41,Esportes,190.67,4,762.68,Henrique Ferreira,"da Rocha do Norte, MT"
722,2024-12-26,Produto B1,Livros,168.01,5,840.05,Ana Carolina Marques,"Andrade do Campo, ES"
723,2023-04-03,Produto Y24,Esportes,237.93,5,1189.65,Emilly Costela,"Campos de Fonseca, TO"
724,2023-01-18,Produto F5,Livros,294.83,5,1474.15,Caroline Silveira,"Aragão da Serra, ES"
725,2024-06-23,Produto G6,Casa e Cozinha,43.83,4,175.32,Davi Luiz Andrade,"Pastor, PB"
726,2024-10-19,Produto Y24,Esportes,237.93,1,237.93,Maria Julia Novais,"Barbosa, PB"
727,2024-03-28,Produto I8,Jardim,452.61,3,1357.83,Srta. Isabel Duarte,"Sales, AC"
728,2024-02-11,Produto R17,Roupas,22.09,1,22.09,Benicio Nunes,"Azevedo, PB"
729,2024-06-07,Produto D3,Roupas,391.97,5,1959.85,Sr. Anthony Gabriel Duarte,"Pimenta, SC"
730,2023-10-25,Produto H7,Roupas,227.33,2,454.66,Ana Júlia Vargas,"Garcia de Goiás, PR"
731,2024-06-27,Produto Q16,Casa e Cozinha,124.63,1,124.63,Sra. Mirella da Cunha,"Albuquerque de Carvalho, GO"
732,2023-04-27,Produto Q42,Livros,219.66,2,439.32,Sr. Henrique Pereira,"Oliveira, PR"
733,2023-02-13,Produto S18,Livros,406.96,1,406.96,Heloísa Gomes,"Jesus dos Dourados, AL"
734,2023-04-03,Produto B1,Livros,168.01,1,168.01,Sr. João Felipe Pimenta,"Guerra de Pimenta, CE"
735,2024-12-10,Produto E4,Saúde e Beleza,239.86,4,959.44,Dr. Cauã Azevedo,"Siqueira Paulista, TO"
736,2024-02-27,Produto N39,Roupas,162.43,4,649.72,Pedro Miguel Moura,"Martins, MT"
737,2023-05-01,Produto C28,Ferramentas,377.33,2,754.66,Kamilly Fonseca,"Azevedo, GO"
738,2024-03-02,Produto J35,Casa e Cozinha,467.25,4,1869.0,Dr. Bruno Albuquerque,"Barros de Souza, PA"
739,2024-02-03,Produto Y50,Eletrônicos,490.07,3,1470.21,Apollo da Cunha,"Pacheco de Brito, PE"
740,2024-11-22,Produto T19,Esportes,476.77,4,1907.08,Aurora Barbosa,"da Rosa do Oeste, PB"
741,2023-01-21,Produto U20,Esportes,43.8,2,87.6,Dr. Bruno Albuquerque,"Barros de Souza, PA"
742,2024-02-13,Produto X49,Ferramentas,218.49,1,218.49,Sra. Manuella Novaes,"Azevedo do Oeste, SP"
743,2024-06-13,Produto N13,Roupas,467.82,2,935.64,Sra. Maria Sophia Novais,"Andrade, RJ"
744,2024-04-06,Produto S18,Livros,406.96,3,1220.88,Dr. Bruno Albuquerque,"Barros de Souza, PA"
745,2024-07-05,Produto P15,Saúde e Beleza,369.3,1,369.3,Dr. Luan Camargo,"Cirino, AM"
746,2024-04-02,Produto N39,Roupas,162.43,4,649.72,Maria Helena Barbosa,"Lopes, BA"
747,2024-04-01,Produto F5,Livros,294.83,5,1474.15,Luan Campos,"da Luz da Serra, MA"
748,2024-07-27,Produto I34,Ferramentas,10.74,4,42.96,Lorena Barros,"Caldeira da Prata, RR"
749,2024-11-09,Produto J9,Ferramentas,332.38,2,664.76,Alice Carvalho,"Dias, PA"
750,2024-10-09,Produto I8,Jardim,452.61,4,1810.44,Ian Cavalcante,"Albuquerque Alegre, ES"
751,2024-03-12,Produto Q42,Livros,219.66,5,1098.3,Maitê Souza,"da Cruz, MG"
752,2023-02-24,Produto U46,Casa e Cozinha,291.68,5,1458.4,Enzo Gabriel Dias,"da Cruz, RN"
753,2024-07-28,Produto L37,Automotivo,443.18,3,1329.54,Ryan Gonçalves,"da Costa Verde, RR"
754,2023-04-07,Produto H33,Saúde e Beleza,138.18,3,414.54,Sr. Marcelo Jesus,"Barros, SC"
755,2023-05-09,Produto O14,Automotivo,385.65,2,771.3,Benicio Nunes,"Azevedo, PB"
756,2023-07-09,Produto U46,Casa e Cozinha,291.68,3,875.04,Heloísa Gomes,"Jesus dos Dourados, AL"
757,2024-04-29,Produto K36,Casa e Cozinha,369.68,3,1109.04,Valentina Fernandes,"Camargo, TO"
758,2023-02-02,Produto M12,Saúde e Beleza,258.96,2,517.92,Emilly Costela,"Campos de Fonseca, TO"
759,2024-02-16,Produto K36,Casa e Cozinha,369.68,3,1109.04,Maria da Mata,"Monteiro, PE"
760,2024-02-19,Produto V47,Livros,240.47,4,961.88,Julia Gonçalves,"Vieira da Praia, SE"
761,2023-10-19,Produto H7,Roupas,227.33,5,1136.65,Kevin Garcia,"Marques, MG"
762,2023-08-09,Produto Y50,Eletrônicos,490.07,4,1960.28,Rhavi Oliveira,"Gonçalves da Prata, PE"
763,2024-12-28,Produto J35,Casa e Cozinha,467.25,2,934.5,Pedro Miguel Cavalcanti,"da Cunha Grande, ES"
764,2024-11-12,Produto E4,Saúde e Beleza,239.86,3,719.58,Sr. Anthony Gabriel Duarte,"Pimenta, SC"
765,2024-05-10,Produto L11,Ferramentas,292.94,1,292.94,Maria Julia Cunha,"Ramos Paulista, AP"
766,2024-01-03,Produto M12,Saúde e Beleza,258.96,2,517.92,Lunna Pastor,"Montenegro, GO"
767,2023-12-11,Produto J35,Casa e Cozinha,467.25,3,1401.75,Emanuel Moura,"Martins, MS"
768,2024-07-06,Produto Y50,Eletrônicos,490.07,1,490.07,Ayla da Cruz,"Leão do Oeste, PA"
769,2024-01-17,Produto K10,Eletrônicos,478.73,1,478.73,Sra. Manuella Novaes,"Azevedo do Oeste, SP"
770,2023-11-22,Produto M12,Saúde e Beleza,258.96,4,1035.84,Vicente Rocha,"Costela, RS"
771,2023-03-01,Produto I8,Jardim,452.61,4,1810.44,Ana Júlia Vargas,"Garcia de Goiás, PR"
772,2023-03-08,Produto G32,Esportes,445.64,1,445.64,Sr. Henrique Pereira,"Oliveira, PR"
773,2024-12-02,Produto B1,Livros,168.01,4,672.04,Isaque Pimenta,"Cunha Alegre, AP"
774,2023-01-16,Produto Q42,Livros,219.66,3,658.98,Brayan Sales,"Barbosa, RO"
775,2024-08-08,Produto G6,Casa e Cozinha,43.83,2,87.66,Dr. Luan Camargo,"Cirino, AM"
776,2023-08-30,Produto D3,Roupas,391.97,2,783.94,João Pedro Gonçalves,"Alves da Serra, MT"
777,2023-08-06,Produto P41,Esportes,190.67,3,572.01,Srta. Isabel Sá,"Barbosa, SP"
778,2023-12-12,Produto O40,Saúde e Beleza,174.98,1,174.98,Isis Montenegro,"Cunha, PA"
779,2024-11-28,Produto F5,Livros,294.83,3,884.49,Asafe Macedo,"Costela do Amparo, RR"
780,2023-07-09,Produto W22,Automotivo,252.0,5,1260.0,Lucas da Mota,"Sampaio do Norte, TO"
781,2024-08-20,Produto J35,Casa e Cozinha,467.25,1,467.25,Maria Julia Cunha,"Ramos Paulista, AP"
782,2024-08-25,Produto K36,Casa e Cozinha,369.68,3,1109.04,Rhavi Oliveira,"Gonçalves da Prata, PE"
783,2023-08-26,Produto C2,Saúde e Beleza,308.94,4,1235.76,Srta. Isabel Duarte,"Sales, AC"
784,2023-05-01,Produto C28,Ferramentas,377.33,1,377.33,Alice Carvalho,"Dias, PA"
785,2024-02-29,Produto O40,Saúde e Beleza,174.98,5,874.9,Asafe Macedo,"Costela do Amparo, RR"
786,2023-07-02,Produto Q42,Livros,219.66,3,658.98,Maitê Gomes,"Correia de Nascimento, BA"
787,2023-08-20,Produto V21,Roupas,399.92,2,799.84,Isaque Camargo,"Almeida, RR"
788,2024-08-06,Produto G6,Casa e Cozinha,43.83,2,87.66,Pedro Miguel Moura,"Martins, MT"
789,2023-03-02,Produto X23,Livros,260.48,1,260.48,Felipe Martins,"da Costa, PA"
790,2024-10-14,Produto G32,Esportes,445.64,5,2228.2,Sr. João Felipe Pimenta,"Guerra de Pimenta, CE"
791,2024-04-07,Produto B27,Automotivo,156.79,1,156.79,Sr. Vitor Jesus,"Sá de Souza, MA"
792,2023-10-01,Produto T19,Esportes,476.77,5,2383.85,Dra. Maria Laura Lopes,"da Rosa, AM"
793,2023-08-05,Produto L11,Ferramentas,292.94,3,878.82,Lunna Souza,"Guerra de da Conceição, AC"
794,2024-06-15,Produto C28,Ferramentas,377.33,5,1886.65,Sr. João Felipe Pimenta,"Guerra de Pimenta, CE"
795,2024-06-06,Produto Y50,Eletrônicos,490.07,4,1960.28,Luiz Miguel Nogueira,"Costela, SC"
796,2024-12-10,Produto A26,Saúde e Beleza,202.57,3,607.71,Marcela Pinto,"Nascimento do Oeste, RS"
797,2023-12-19,Produto U46,Casa e Cozinha,291.68,3,875.04,Sra. Juliana da Rosa,"Silveira, RR"
798,2024-09-07,Produto G32,Esportes,445.64,1,445.64,Lucca Barbosa,"Guerra, MT"
799,2024-02-23,Produto X23,Livros,260.48,4,1041.92,Luigi Moreira,"da Costa dos Dourados, BA"
800,2023-12-29,Produto O14,Automotivo,385.65,3,1156.95,Ayla Pinto,"Sales do Galho, TO"
801,2024-08-17,Produto Y24,Esportes,237.93,3,713.79,Lívia Silveira,"Vasconcelos de da Costa, MG"
802,2023-10-02,Produto J9,Ferramentas,332.38,4,1329.52,Raul Peixoto,"Marques, RJ"
803,2024-08-20,Produto V21,Roupas,399.92,5,1999.6,Apollo da Cunha,"Pacheco de Brito, PE"
804,2024-10-25,Produto P41,Esportes,190.67,5,953.35,Sabrina Sá,"Siqueira Verde, PB"
805,2024-01-30,Produto O40,Saúde e Beleza,174.98,2,349.96,Gustavo Macedo,"Sampaio de Costa, AM"
806,2024-06-21,Produto K36,Casa e Cozinha,369.68,4,1478.72,Sr. Marcelo Jesus,"Barros, SC"
807,2023-09-14,Produto M38,Eletrônicos,240.66,2,481.32,Ayla Pinto,"Sales do Galho, TO"
808,2023-01-29,Produto P15,Saúde e Beleza,369.3,1,369.3,Giovanna Vasconcelos,"Rocha, GO"
809,2024-01-31,Produto X49,Ferramentas,218.49,1,218.49,Lorena Barros,"Caldeira da Prata, RR"
810,2023-12-23,Produto P15,Saúde e Beleza,369.3,4,1477.2,Isadora Cunha,"Andrade de da Luz, BA"
811,2023-05-15,Produto D3,Roupas,391.97,5,1959.85,Clara Ribeiro,"Mendes de Macedo, MA"
812,2023-12-18,Produto X49,Ferramentas,218.49,1,218.49,Sr. Marcelo Jesus,"Barros, SC"
813,2023-03-22,Produto X49,Ferramentas,218.49,1,218.49,Isadora Almeida,"Montenegro, RR"
814,2024-09-25,Produto L37,Automotivo,443.18,3,1329.54,Enzo Gabriel Guerra,"Jesus da Serra, RR"
815,2024-06-24,Produto P41,Esportes,190.67,3,572.01,Maitê Souza,"da Cruz, MG"
816,2024-10-06,Produto E4,Saúde e Beleza,239.86,3,719.58,Enzo Gabriel Guerra,"Jesus da Serra, RR"
817,2024-06-04,Produto W48,Jardim,64.47,3,193.41,Dr. Luiz Miguel Garcia,"Cunha, RN"
818,2024-04-20,Produto F5,Livros,294.83,2,589.66,Ian Cavalcante,"Albuquerque Alegre, ES"
819,2024-02-17,Produto G32,Esportes,445.64,1,445.64,Sofia Carvalho,"Silva Alegre, SC"
820,2023-05-12,Produto B1,Livros,168.01,4,672.04,Srta. Kamilly Moraes,"Vargas do Norte, PB"
821,2023-09-17,Produto J9,Ferramentas,332.38,2,664.76,Matteo Siqueira,"das Neves, BA"
822,2023-07-24,Produto I34,Ferramentas,10.74,2,21.48,Hellena Novais,"Barbosa Paulista, PB"
823,2023-12-06,Produto U20,Esportes,43.8,1,43.8,Heloísa Gomes,"Jesus dos Dourados, AL"
824,2023-02-05,Produto D29,Brinquedos,131.27,1,131.27,Dr. Leonardo Aragão,"Machado, RN"
825,2024-05-02,Produto K36,Casa e Cozinha,369.68,4,1478.72,Maria Luiza Castro,"Aragão, PI"
826,2024-03-02,Produto L37,Automotivo,443.18,3,1329.54,Luan Campos,"da Luz da Serra, MA"
827,2024-04-22,Produto D29,Brinquedos,131.27,1,131.27,Kamilly Fonseca,"Azevedo, GO"
828,2024-09-20,Produto K10,Eletrônicos,478.73,5,2393.65,Yuri Rios,"Machado, RN"
829,2023-03-20,Produto U20,Esportes,43.8,3,131.4,Dom Porto,"Moura, BA"
830,2023-06-22,Produto N39,Roupas,162.43,2,324.86,Julia Gonçalves,"Vieira da Praia, SE"
831,2023-03-12,Produto J35,Casa e Cozinha,467.25,1,467.25,Maria Liz Camargo,"Sousa, GO"
832,2024-08-05,Produto X49,Ferramentas,218.49,2,436.98,Otto Castro,"Alves, BA"
833,2024-12-13,Produto Y24,Esportes,237.93,1,237.93,Yuri da Mata,"da Rosa, RN"
834,2023-03-26,Produto N13,Roupas,467.82,3,1403.46,Joaquim Brito,"Vargas, PB"
835,2024-02-05,Produto C2,Saúde e Beleza,308.94,5,1544.7,Maria Luiza Castro,"Aragão, PI"
836,2023-02-20,Produto W22,Automotivo,252.0,1,252.0,Otávio Melo,"Cassiano de Alves, CE"
837,2023-12-28,Produto D3,Roupas,391.97,4,1567.88,Manuella Leão,"Cavalcante de Melo, PB"
838,2023-10-14,Produto S18,Livros,406.96,2,813.92,Dr. Vicente Sales,"Rocha do Sul, PR"
839,2024-11-30,Produto Y24,Esportes,237.93,3,713.79,Dr. Bruno Albuquerque,"Barros de Souza, PA"
840,2024-09-22,Produto I34,Ferramentas,10.74,2,21.48,Ravy Rezende,"Nogueira, RS"
841,2024-03-27,Produto P15,Saúde e Beleza,369.3,1,369.3,Agatha Gonçalves,"Gomes do Amparo, BA"
842,2024-12-01,Produto T45,Jardim,68.25,5,341.25,João Pedro Gonçalves,"Alves da Serra, MT"
843,2024-04-21,Produto T19,Esportes,476.77,5,2383.85,Sra. Manuella Novaes,"Azevedo do Oeste, SP"
844,2023-04-20,Produto H33,Saúde e Beleza,138.18,3,414.54,Isabelly Porto,"Montenegro da Praia, AM"
845,2023-06-03,Produto X49,Ferramentas,218.49,2,436.98,Luana Pastor,"Pinto do Norte, RS"
846,2023-09-12,Produto I34,Ferramentas,10.74,5,53.7,Ayla Araújo,"Machado Paulista, ES"
847,2024-07-20,Produto M38,Eletrônicos,240.66,2,481.32,Giovanna Pereira,"Pastor, SC"
848,2024-02-18,Produto F31,Automotivo,447.94,4,1791.76,Ana Ramos,"Sampaio do Galho, RR"
849,2023-10-18,Produto D29,Brinquedos,131.27,1,131.27,Luana Pastor,"Pinto do Norte, RS"
850,2024-08-16,Produto C28,Ferramentas,377.33,3,1131.99,Beatriz Casa Grande,"Fonseca de Câmara, PE"
851,2024-10-01,Produto U46,Casa e Cozinha,291.68,1,291.68,Dr. Luiz Miguel Garcia,"Cunha, RN"
852,2024-04-09,Produto O14,Automotivo,385.65,4,1542.6,Sra. Maria Julia Moraes,"Fogaça do Sul, RS"
853,2023-11-23,Produto D3,Roupas,391.97,4,1567.88,Dr. Vicente Sales,"Rocha do Sul, PR"
854,2023-09-14,Produto K36,Casa e Cozinha,369.68,2,739.36,Isadora Cunha,"Andrade de da Luz, BA"
855,2024-02-12,Produto V47,Livros,240.47,3,721.41,Heloísa Rios,"Araújo, PA"
856,2024-08-21,Produto A26,Saúde e Beleza,202.57,5,1012.85,Sra. Alícia Guerra,"da Cunha, PE"
857,2023-03-18,Produto P41,Esportes,190.67,5,953.35,Dr. Luiz Felipe Nunes,"Alves, PB"
858,2023-04-08,Produto H33,Saúde e Beleza,138.18,4,552.72,Maria Liz Almeida,"Câmara do Amparo, MA"
859,2024-11-30,Produto O40,Saúde e Beleza,174.98,4,699.92,Isadora Cunha,"Andrade de da Luz, BA"
860,2024-07-01,Produto O14,Automotivo,385.65,1,385.65,Samuel Aparecida,"Cirino, PR"
861,2024-07-06,Produto U46,Casa e Cozinha,291.68,3,875.04,Erick da Cunha,"Oliveira Verde, SC"
862,2023-12-18,Produto F31,Automotivo,447.94,5,2239.7,Ana Júlia Vargas,"Garcia de Goiás, PR"
863,2024-07-31,Produto Y24,Esportes,237.93,3,713.79,Apollo da Cunha,"Pacheco de Brito, PE"
864,2023-04-18,Produto C2,Saúde e Beleza,308.94,5,1544.7,Aurora Barbosa,"da Rosa do Oeste, PB"
865,2024-08-16,Produto A26,Saúde e Beleza,202.57,5,1012.85,Zoe Araújo,"Casa Grande, SE"
866,2023-01-16,Produto B1,Livros,168.01,3,504.03,Ana Ramos,"Sampaio do Galho, RR"
867,2023-05-30,Produto F31,Automotivo,447.94,2,895.88,Kevin Garcia,"Marques, MG"
868,2023-02-22,Produto L11,Ferramentas,292.94,4,1171.76,Dr. Ravi Souza,"Mendes da Serra, PE"
869,2023-07-17,Produto C2,Saúde e Beleza,308.94,5,1544.7,Guilherme Abreu,"da Rosa Verde, PI"
870,2024-02-26,Produto U46,Casa e Cozinha,291.68,2,583.36,Ana Vitória Oliveira,"da Costa, BA"
871,2023-06-17,Produto Z25,Ferramentas,226.61,5,1133.05,Pietra Monteiro,"da Luz do Amparo, DF"
872,2024-05-30,Produto B27,Automotivo,156.79,4,627.16,Yan Nogueira,"Freitas das Flores, RJ"
873,2024-04-08,Produto O40,Saúde e Beleza,174.98,4,699.92,Francisco Caldeira,"Rodrigues das Flores, AC"
874,2024-09-29,Produto S18,Livros,406.96,4,1627.84,Felipe Martins,"da Costa, PA"
875,2024-03-04,Produto W48,Jardim,64.47,1,64.47,Zoe Araújo,"Casa Grande, SE"
876,2024-03-01,Produto O14,Automotivo,385.65,1,385.65,Sra. Manuella Novaes,"Azevedo do Oeste, SP"
877,2024-09-25,Produto F5,Livros,294.83,5,1474.15,Isis Montenegro,"Cunha, PA"
878,2023-05-22,Produto Q16,Casa e Cozinha,124.63,2,249.26,Maria Julia Cunha,"Ramos Paulista, AP"
879,2024-03-18,Produto X23,Livros,260.48,2,520.96,Ana Carolina Marques,"Andrade do Campo, ES"
880,2024-08-23,Produto B1,Livros,168.01,5,840.05,Dr. Cauã Peixoto,"Lima Alegre, RR"
881,2024-03-23,Produto I34,Ferramentas,10.74,2,21.48,Enzo Gabriel Dias,"da Cruz, RN"
882,2023-07-05,Produto T19,Esportes,476.77,2,953.54,Sra. Juliana da Rosa,"Silveira, RR"
883,2023-12-31,Produto Y50,Eletrônicos,490.07,2,980.14,Lucas Gabriel da Costa,"Andrade do Campo, MS"
884,2024-01-01,Produto C2,Saúde e Beleza,308.94,3,926.82,Sra. Mirella da Cunha,"Albuquerque de Carvalho, GO"
885,2024-02-13,Produto G32,Esportes,445.64,3,1336.92,Maria Julia Novais,"Barbosa, PB"
886,2024-01-24,Produto W22,Automotivo,252.0,1,252.0,Heloísa Rios,"Araújo, PA"
887,2023-01-13,Produto V47,Livros,240.47,3,721.41,Yuri Pereira,"Cassiano de Minas, SE"
888,2024-01-15,Produto X23,Livros,260.48,2,520.96,Rhavi Oliveira,"Gonçalves da Prata, PE"
889,2024-08-02,Produto D3,Roupas,391.97,3,1175.91,Pedro Miguel Cavalcanti,"da Cunha Grande, ES"
890,2024-10-20,Produto N39,Roupas,162.43,3,487.29,Nina Gomes,"Leão Alegre, RN"
891,2024-12-27,Produto Y50,Eletrônicos,490.07,1,490.07,Maria Liz Camargo,"Sousa, GO"
892,2024-05-14,Produto D29,Brinquedos,131.27,2,262.54,Miguel Barbosa,"Rezende de Guerra, MS"
893,2024-12-28,Produto P41,Esportes,190.67,3,572.01,Dra. Ana Clara Araújo,"Dias, PB"
894,2024-07-10,Produto O40,Saúde e Beleza,174.98,4,699.92,Dr. Luiz Miguel Garcia,"Cunha, RN"
895,2023-11-17,Produto S18,Livros,406.96,1,406.96,Enzo Gabriel Guerra,"Jesus da Serra, RR"
896,2023-09-28,Produto D3,Roupas,391.97,3,1175.91,Maria Liz Camargo,"Sousa, GO"
897,2024-08-29,Produto G6,Casa e Cozinha,43.83,5,219.15,Henrique Ferreira,"da Rocha do Norte, MT"
898,2023-10-29,Produto E4,Saúde e Beleza,239.86,3,719.58,Erick da Cunha,"Oliveira Verde, SC"
899,2023-06-15,Produto C28,Ferramentas,377.33,5,1886.65,Maria da Mata,"Monteiro, PE"
900,2023-12-26,Produto C28,Ferramentas,377.33,2,754.66,Yasmin Costa,"Rezende Verde, SP"
901,2024-10-27,Produto I34,Ferramentas,10.74,2,21.48,Sra. Juliana da Rosa,"Silveira, RR"
902,2024-10-14,Produto F31,Automotivo,447.94,2,895.88,Valentina Fernandes,"Camargo, TO"
903,2024-02-14,Produto F5,Livros,294.83,1,294.83,Dr. Vicente Sales,"Rocha do Sul, PR"
904,2024-08-10,Produto R17,Roupas,22.09,3,66.27,Carolina Cavalcanti,"Teixeira, MT"
905,2023-09-19,Produto S18,Livros,406.96,4,1627.84,Gabriel Cirino,"Azevedo do Norte, AM"
906,2024-08-11,Produto D29,Brinquedos,131.27,2,262.54,Sr. Marcelo Jesus,"Barros, SC"
907,2024-03-23,Produto F31,Automotivo,447.94,3,1343.82,Gustavo Henrique Aparecida,"da Cunha, CE"
908,2023-10-02,Produto B1,Livros,168.01,5,840.05,Apollo da Cunha,"Pacheco de Brito, PE"
909,2024-04-07,Produto C28,Ferramentas,377.33,5,1886.65,Isabelly Porto,"Montenegro da Praia, AM"
910,2024-07-21,Produto Q42,Livros,219.66,1,219.66,Anthony Rocha,"Leão, PA"
911,2023-01-08,Produto P41,Esportes,190.67,2,381.34,Elisa Fernandes,"Oliveira de Goiás, PI"
912,2023-08-10,Produto U20,Esportes,43.8,5,219.0,Felipe Martins,"da Costa, PA"
913,2024-08-04,Produto I34,Ferramentas,10.74,5,53.7,Bruna Gomes,"Ribeiro Paulista, RS"
914,2023-10-09,Produto W22,Automotivo,252.0,4,1008.0,Carolina Rocha,"Novais, SC"
915,2024-03-12,Produto S18,Livros,406.96,2,813.92,Gabriel Cirino,"Azevedo do Norte, AM"
916,2023-05-21,Produto N13,Roupas,467.82,5,2339.1,Luísa da Rosa,"Barros do Sul, RS"
917,2024-04-14,Produto K10,Eletrônicos,478.73,5,2393.65,Rebeca Pastor,"Novaes de Alves, MA"
918,2024-04-17,Produto Y24,Esportes,237.93,4,951.72,Clara Ribeiro,"Mendes de Macedo, MA"
919,2024-01-25,Produto S18,Livros,406.96,5,2034.8,Lunna Souza,"Guerra de da Conceição, AC"
920,2024-11-27,Produto B1,Livros,168.01,5,840.05,Isaque Camargo,"Almeida, RR"
921,2024-04-10,Produto L37,Automotivo,443.18,1,443.18,Esther Câmara,"Monteiro, MS"
922,2023-07-23,Produto T45,Jardim,68.25,5,341.25,Rebeca Pastor,"Novaes de Alves, MA"
923,2024-02-02,Produto I8,Jardim,452.61,2,905.22,Dom Porto,"Moura, BA"
924,2024-08-30,Produto V21,Roupas,399.92,1,399.92,Sr. Valentim Duarte,"Cassiano de Nascimento, AL"
925,2024-10-15,Produto E30,Roupas,164.86,1,164.86,Giovanna Pereira,"Pastor, SC"
926,2023-01-27,Produto P15,Saúde e Beleza,369.3,5,1846.5,Maitê Gomes,"Correia de Nascimento, BA"
927,2023-06-20,Produto H7,Roupas,227.33,2,454.66,Felipe Martins,"da Costa, PA"
928,2024-05-29,Produto L37,Automotivo,443.18,5,2215.9,Yan Rezende,"Carvalho de Vieira, BA"
929,2023-03-30,Produto J35,Casa e Cozinha,467.25,4,1869.0,Manuella Leão,"Cavalcante de Melo, PB"
930,2023-07-09,Produto B27,Automotivo,156.79,5,783.95,Sra. Juliana da Rosa,"Silveira, RR"
931,2024-08-08,Produto Y24,Esportes,237.93,2,475.86,Dr. Lucas Gabriel Novais,"das Neves, CE"
932,2024-02-01,Produto I34,Ferramentas,10.74,4,42.96,Stella Abreu,"Fernandes, MA"
933,2023-10-14,Produto S18,Livros,406.96,5,2034.8,Gabriel Cirino,"Azevedo do Norte, AM"
934,2023-02-09,Produto C28,Ferramentas,377.33,5,1886.65,Maitê Souza,"da Cruz, MG"
935,2023-12-25,Produto V47,Livros,240.47,4,961.88,Ana Vitória Oliveira,"da Costa, BA"
936,2024-02-23,Produto M38,Eletrônicos,240.66,5,1203.3,Nicolas Vieira,"Macedo de Aparecida, SE"
937,2024-10-09,Produto C28,Ferramentas,377.33,1,377.33,Cauã da Mata,"Porto, TO"
938,2023-05-03,Produto B27,Automotivo,156.79,1,156.79,Alice Carvalho,"Dias, PA"
939,2024-01-02,Produto C2,Saúde e Beleza,308.94,3,926.82,Henrique Ferreira,"da Rocha do Norte, MT"
940,2024-07-07,Produto I34,Ferramentas,10.74,2,21.48,Heloísa Gomes,"Jesus dos Dourados, AL"
941,2023-03-15,Produto E4,Saúde e Beleza,239.86,4,959.44,Zoe Araújo,"Casa Grande, SE"
942,2023-07-23,Produto P15,Saúde e Beleza,369.3,1,369.3,Yan Rezende,"Carvalho de Vieira, BA"
943,2024-09-17,Produto F31,Automotivo,447.94,5,2239.7,Pietra Monteiro,"da Luz do Amparo, DF"
944,2024-10-22,Produto M38,Eletrônicos,240.66,5,1203.3,Davi Barbosa,"Marques, AP"
945,2024-12-05,Produto H33,Saúde e Beleza,138.18,2,276.36,Maria Helena Barbosa,"Lopes, BA"
946,2024-07-21,Produto F5,Livros,294.83,2,589.66,Yan Rezende,"Carvalho de Vieira, BA"
947,2024-12-29,Produto Z25,Ferramentas,226.61,5,1133.05,Sra. Raquel Silveira,"Casa Grande, ES"
948,2024-07-19,Produto J9,Ferramentas,332.38,3,997.14,Dr. Luan Camargo,"Cirino, AM"
949,2023-08-28,Produto L37,Automotivo,443.18,3,1329.54,Maria Liz Almeida,"Câmara do Amparo, MA"
950,2024-05-26,Produto F31,Automotivo,447.94,4,1791.76,Zoe Araújo,"Casa Grande, SE"
951,2023-03-10,Produto N39,Roupas,162.43,4,649.72,Sra. Juliana da Rosa,"Silveira, RR"
952,2023-12-02,Produto T19,Esportes,476.77,4,1907.08,Sra. Daniela Brito,"Siqueira, AM"
953,2023-02-26,Produto F31,Automotivo,447.94,5,2239.7,Erick da Cunha,"Oliveira Verde, SC"
954,2024-08-28,Produto Y24,Esportes,237.93,1,237.93,Vicente Rocha,"Costela, RS"
955,2023-10-30,Produto Y50,Eletrônicos,490.07,1,490.07,Dom Porto,"Moura, BA"
956,2024-02-07,Produto Z25,Ferramentas,226.61,5,1133.05,Emanuelly Melo,"da Rosa de Minas, PE"
957,2024-07-05,Produto C2,Saúde e Beleza,308.94,2,617.88,Sr. João Felipe Pimenta,"Guerra de Pimenta, CE"
958,2023-04-23,Produto C28,Ferramentas,377.33,1,377.33,Luiz Miguel Nogueira,"Costela, SC"
959,2023-03-14,Produto J9,Ferramentas,332.38,5,1661.9,Sra. Valentina Porto,"Souza, SP"
960,2024-07-25,Produto W22,Automotivo,252.0,3,756.0,Ana Vitória Oliveira,"da Costa, BA"
961,2024-06-17,Produto Z25,Ferramentas,226.61,2,453.22,Ester da Mota,"Moraes, SE"
962,2023-08-13,Produto F5,Livros,294.83,4,1179.32,Emanuella Rios,"da Costa, SC"
963,2024-02-19,Produto P41,Esportes,190.67,5,953.35,Miguel Albuquerque,"Cunha do Sul, BA"
964,2024-10-20,Produto S18,Livros,406.96,2,813.92,Joaquim Cavalcanti,"Farias, MS"
965,2024-08-07,Produto B27,Automotivo,156.79,2,313.58,Marcela Pinto,"Nascimento do Oeste, RS"
966,2024-09-30,Produto L37,Automotivo,443.18,3,1329.54,Heloísa Rios,"Araújo, PA"
967,2024-12-02,Produto G6,Casa e Cozinha,43.83,4,175.32,Lunna Pastor,"Montenegro, GO"
968,2023-05-02,Produto R43,Esportes,291.26,2,582.52,Davi Lucas Ferreira,"Mendes, SE"
969,2023-05-12,Produto X23,Livros,260.48,3,781.44,Rafaela Nunes,"Martins Alegre, BA"
970,2024-11-12,Produto N39,Roupas,162.43,3,487.29,Marcela Pinto,"Nascimento do Oeste, RS"
971,2024-02-16,Produto E30,Roupas,164.86,4,659.44,João Vitor Rezende,"Sá, PR"
972,2023-05-22,Produto L37,Automotivo,443.18,2,886.36,Olívia Rios,"Fonseca, PB"
973,2023-08-21,Produto G6,Casa e Cozinha,43.83,4,175.32,Davi Lucas Ferreira,"Mendes, SE"
974,2023-09-21,Produto E30,Roupas,164.86,4,659.44,Hellena Novais,"Barbosa Paulista, PB"
975,2024-12-31,Produto T19,Esportes,476.77,3,1430.31,Srta. Kamilly Moraes,"Vargas do Norte, PB"
976,2023-02-16,Produto K10,Eletrônicos,478.73,2,957.46,Dr. Lucas Gabriel Novais,"das Neves, CE"
977,2023-10-14,Produto U46,Casa e Cozinha,291.68,3,875.04,Ana Ramos,"Sampaio do Galho, RR"
978,2023-05-26,Produto O14,Automotivo,385.65,5,1928.25,Luan Campos,"da Luz da Serra, MA"
979,2024-09-08,Produto R43,Esportes,291.26,2,582.52,Vitor Hugo Rezende,"Ramos, MA"
980,2024-03-04,Produto V21,Roupas,399.92,2,799.84,Ravi Lucca Costa,"da Cruz das Flores, CE"
981,2024-02-14,Produto S44,Jardim,380.45,5,1902.25,Yan Rezende,"Carvalho de Vieira, BA"
982,2023-06-10,Produto J35,Casa e Cozinha,467.25,2,934.5,Isabel Marques,"Pacheco da Serra, PE"
983,2024-08-03,Produto S18,Livros,406.96,5,2034.8,Heloísa Rios,"Araújo, PA"
984,2023-02-28,Produto D3,Roupas,391.97,5,1959.85,Benicio Nunes,"Azevedo, PB"
985,2023-10-18,Produto K36,Casa e Cozinha,369.68,3,1109.04,Maria Júlia Ferreira,"Nascimento das Flores, PA"
986,2023-06-21,Produto K10,Eletrônicos,478.73,1,478.73,Sr. João Felipe Pimenta,"Guerra de Pimenta, CE"
987,2023-07-30,Produto I34,Ferramentas,10.74,2,21.48,Gabriel Cavalcante,"Cassiano, SP"
988,2024-04-28,Produto W22,Automotivo,252.0,3,756.0,Rhavi Oliveira,"Gonçalves da Prata, PE"
989,2023-02-02,Produto K36,Casa e Cozinha,369.68,4,1478.72,Dr. Luan Camargo,"Cirino, AM"
990,2023-01-29,Produto Q42,Livros,219.66,2,439.32,Leandro Marques,"Cavalcante de Nogueira, RR"
991,2023-06-29,Produto K10,Eletrônicos,478.73,4,1914.92,Ryan Andrade,"Novais, RS"
992,2024-11-28,Produto L11,Ferramentas,292.94,1,292.94,Sra. Manuella Novaes,"Azevedo do Oeste, SP"
993,2023-11-28,Produto K10,Eletrônicos,478.73,3,1436.19,Ian Cavalcante,"Albuquerque Alegre, ES"
994,2023-09-09,Produto U20,Esportes,43.8,5,219.0,Sr. Henrique Pereira,"Oliveira, PR"
995,2024-08-08,Produto G32,Esportes,445.64,2,891.28,Maria Julia Cunha,"Ramos Paulista, AP"
996,2024-05-26,Produto C2,Saúde e Beleza,308.94,5,1544.7,Maria Liz Camargo,"Sousa, GO"
997,2023-09-11,Produto U20,Esportes,43.8,2,87.6,Pedro Miguel Moura,"Martins, MT"
998,2023-08-05,Produto J9,Ferramentas,332.38,3,997.14,Emanuelly Melo,"da Rosa de Minas, PE"
999,2023-11-20,Produto H7,Roupas,227.33,3,681.99,Kamilly Fonseca,"Azevedo, GO"
1000,2023-04-12,Produto Y24,Esportes,237.93,4,951.72,Luan Campos,"da Luz da Serra, MA"
